no,2018-05-16,18:44,ner_3_train.ner,ner_3_test.ner,polyglot.vec,polyglot-char.vec,101391,94,237,83,24,True,concat,concat,0.5,0.0,3,0,adagrad,categorical_crossentropy,n,,13,32,0.6675074359650465,0.7239300783604581,y,05-16_18:44_724
no,2018-05-16,18:47,ner_3_train.ner,ner_3_test.ner,polyglot.vec,polyglot-char.vec,101391,94,237,83,24,True,concat,concat,0.5,0.0,3,0,adagrad,categorical_crossentropy,n,,4,32,0.3820435260545879,0.4812611540749554,y,05-16_18:47_481
no,2018-05-16,18:50,ner_3_train.ner,ner_3_test.ner,polyglot.vec,polyglot-char.vec,101391,94,237,83,24,True,concat,concat,0.5,0.0,3,0,adagrad,categorical_crossentropy,n,,4,32,0.5027269010981739,0.6138107416879796,y,05-16_18:50_614
no,2018-05-16,18:53,ner_3_train.ner,ner_3_test.ner,polyglot.vec,polyglot-char.vec,101391,94,237,83,24,True,concat,concat,0.5,0.0,3,0,adagrad,categorical_crossentropy,n,,4,32,0.4832808280371874,0.5336387059833954,y,05-16_18:53_534
no,2018-05-16,18:56,ner_3_train.ner,ner_3_test.ner,polyglot.vec,polyglot-char.vec,101391,94,237,83,24,True,concat,concat,0.5,0.0,3,0,adagrad,categorical_crossentropy,n,,6,32,0.6168686140241924,0.658956109134045,y,05-16_18:56_659
no,2018-05-16,19:02,ner_3_train.ner,ner_3_test.ner,polyglot.vec,polyglot-char.vec,101391,94,237,83,24,True,concat,concat,0.5,0.0,3,0,adagrad,categorical_crossentropy,n,,10,32,0.6271744618102266,0.699086354258768,y,05-16_19:02_699
no,2018-05-16,19:09,ner_3_train.ner,ner_3_test.ner,polyglot.vec,polyglot-char.vec,101391,94,237,83,24,True,concat,concat,0.5,0.0,3,0,adagrad,categorical_crossentropy,n,,11,32,0.45679834861512547,0.45396383866481227,y,05-16_19:09_457
no,2018-05-16,19:13,ner_3_train.ner,ner_3_test.ner,polyglot.vec,polyglot-char.vec,101391,94,237,83,24,True,concat,concat,0.5,0.0,3,0,adagrad,categorical_crossentropy,n,,7,32,0.5744044396249762,0.6782608695652174,y,05-16_19:13_678
no,2018-05-16,19:17,ner_3_train.ner,ner_3_test.ner,polyglot.vec,polyglot-char.vec,101391,94,237,83,24,True,concat,concat,0.5,0.0,3,0,adagrad,categorical_crossentropy,n,,6,32,0.611060410207824,0.684514755095832,y,05-16_19:17_685
no,2018-05-16,19:21,ner_3_train.ner,ner_3_test.ner,polyglot.vec,polyglot-char.vec,101391,94,237,83,24,True,concat,concat,0.5,0.0,3,0,adagrad,categorical_crossentropy,n,,5,32,0.5946618308436415,0.9173480792987823,y,05-16_19:21_917
no,2018-05-16,19:24,ner_3_train.ner,ner_3_test.ner,polyglot.vec,polyglot-char.vec,101391,94,237,83,24,True,concat,concat,0.5,0.0,3,0,adagrad,categorical_crossentropy,n,,5,32,0.46895685342682486,0.8933693863155419,y,05-16_19:24_893
no,2018-05-16,19:28,ner_3_train.ner,ner_3_test.ner,polyglot.vec,polyglot-char.vec,101391,94,237,83,24,True,concat,concat,0.5,0.0,3,0,adagrad,categorical_crossentropy,n,,6,32,0.5439402047884465,0.6438267614738203,y,05-16_19:28_644
no,2018-05-16,19:32,ner_3_train.ner,ner_3_test.ner,polyglot.vec,polyglot-char.vec,101391,94,237,83,24,True,concat,concat,0.5,0.0,3,0,adagrad,categorical_crossentropy,n,,6,32,0.7086697561290556,0.921094459582198,y,05-16_19:32_921
no,2018-05-16,19:35,ner_3_train.ner,ner_3_test.ner,polyglot.vec,polyglot-char.vec,101391,94,237,83,24,True,concat,concat,0.5,0.0,3,0,adagrad,categorical_crossentropy,n,,5,32,0.48731188640939116,0.6031553398058253,y,05-16_19:35_603
no,2018-05-16,19:42,ner_3_train.ner,ner_3_test.ner,polyglot.vec,polyglot-char.vec,101391,94,237,83,24,True,concat,concat,0.5,0.0,3,0,adagrad,categorical_crossentropy,n,,12,32,0.6568631325579277,0.708680142687277,y,05-16_19:42_709
no,2018-05-16,19:45,ner_3_train.ner,ner_3_test.ner,polyglot.vec,polyglot-char.vec,100846,94,257,83,24,True,concat,concat,0.5,0.0,3,0,adagrad,categorical_crossentropy,n,,9,32,0.576513650690337,0.6454431960049938,y,05-16_19:45_645
no,2018-05-16,19:49,ner_3_train.ner,ner_3_test.ner,polyglot.vec,polyglot-char.vec,100833,94,254,83,24,True,concat,concat,0.5,0.0,3,0,adagrad,categorical_crossentropy,n,,11,32,0.6061047972415369,0.6595026097635861,y,05-16_19:49_660
no,2018-05-16,19:51,ner_3_train.ner,ner_3_test.ner,polyglot.vec,polyglot-char.vec,100816,94,260,83,24,True,concat,concat,0.5,0.0,3,0,adagrad,categorical_crossentropy,n,,9,32,0.6187954651578075,0.6759036144578313,y,05-16_19:51_676
no,2018-05-16,19:54,ner_3_train.ner,ner_3_test.ner,polyglot.vec,polyglot-char.vec,100806,94,259,58,24,True,concat,concat,0.5,0.0,3,0,adagrad,categorical_crossentropy,n,,10,32,0.5976003909825233,0.6534839924670433,y,05-16_19:54_653
no,2018-05-16,19:57,ner_3_train.ner,ner_3_test.ner,polyglot.vec,polyglot-char.vec,100790,94,259,67,24,True,concat,concat,0.5,0.0,3,0,adagrad,categorical_crossentropy,n,,13,32,0.573536666960447,0.6578864847914707,y,05-16_19:57_658
no,2018-05-16,20:00,ner_3_train.ner,ner_3_test.ner,polyglot.vec,polyglot-char.vec,100764,94,254,67,24,True,concat,concat,0.5,0.0,3,0,adagrad,categorical_crossentropy,n,,12,32,0.6208806628464936,0.6883273164861613,y,05-16_20:00_688
no,2018-05-16,20:04,ner_3_train.ner,ner_3_test.ner,polyglot.vec,polyglot-char.vec,100794,94,258,67,24,True,concat,concat,0.5,0.0,3,0,adagrad,categorical_crossentropy,n,,13,32,0.6225788537273855,0.6672705314009661,y,05-16_20:04_667
no,2018-05-16,20:07,ner_3_train.ner,ner_3_test.ner,polyglot.vec,polyglot-char.vec,100798,94,259,58,24,True,concat,concat,0.5,0.0,3,0,adagrad,categorical_crossentropy,n,,13,32,0.5991096436695096,0.6378146101903007,y,05-16_20:07_638
no,2018-05-16,20:10,ner_3_train.ner,ner_3_test.ner,polyglot.vec,polyglot-char.vec,100807,94,256,83,24,True,concat,concat,0.5,0.0,3,0,adagrad,categorical_crossentropy,n,,10,32,0.6090487855821856,0.6681181959564542,y,05-16_20:10_668
no,2018-05-16,20:13,ner_3_train.ner,ner_3_test.ner,polyglot.vec,polyglot-char.vec,100814,94,255,67,24,True,concat,concat,0.5,0.0,3,0,adagrad,categorical_crossentropy,n,,10,32,0.5958594568167381,0.9081915081561744,y,05-16_20:13_908
no,2018-05-16,20:15,ner_3_train.ner,ner_3_test.ner,polyglot.vec,polyglot-char.vec,100785,94,253,67,24,True,concat,concat,0.5,0.0,3,0,adagrad,categorical_crossentropy,n,,7,32,0.6238904028139187,0.913132976533553,y,05-16_20:15_913
no,2018-05-16,20:18,ner_3_train.ner,ner_3_test.ner,polyglot.vec,polyglot-char.vec,100820,94,252,83,24,True,concat,concat,0.5,0.0,3,0,adagrad,categorical_crossentropy,n,,11,32,0.6367065417075177,0.6835913312693499,y,05-16_20:18_684
no,2018-05-16,20:22,ner_3_train.ner,ner_3_test.ner,polyglot.vec,polyglot-char.vec,100804,94,258,63,24,True,concat,concat,0.5,0.0,3,0,adagrad,categorical_crossentropy,n,,13,32,0.698261895858775,0.9224020054694622,y,05-16_20:22_922
no,2018-05-16,20:25,ner_3_train.ner,ner_3_test.ner,polyglot.vec,polyglot-char.vec,100790,94,257,67,24,True,concat,concat,0.5,0.0,3,0,adagrad,categorical_crossentropy,n,,13,32,0.6038328647541973,0.6640880690270752,y,05-16_20:25_664
no,2018-05-16,20:27,ner_3_train.ner,ner_3_test.ner,polyglot.vec,polyglot-char.vec,100796,94,253,67,24,True,concat,concat,0.5,0.0,3,0,adagrad,categorical_crossentropy,n,,6,32,0.5501522954074021,0.6383518225039618,y,05-16_20:27_638
no,2018-05-16,20:28,ner_3_train.ner,ner_3_test.ner,polyglot.vec,polyglot-char.vec,100358,94,287,57,24,True,concat,concat,0.5,0.0,3,0,adagrad,categorical_crossentropy,n,,11,32,0.5146812060386918,0.5688473520249222,y,05-16_20:28_569
no,2018-05-16,20:29,ner_3_train.ner,ner_3_test.ner,polyglot.vec,polyglot-char.vec,100395,94,281,58,24,True,concat,concat,0.5,0.0,3,0,adagrad,categorical_crossentropy,n,,12,32,0.5266223743583844,0.618607516943931,y,05-16_20:29_619
no,2018-05-16,20:30,ner_3_train.ner,ner_3_test.ner,polyglot.vec,polyglot-char.vec,100363,94,287,66,24,True,concat,concat,0.5,0.0,3,0,adagrad,categorical_crossentropy,n,,6,32,0.40188870051213416,0.4747404844290657,y,05-16_20:30_475
no,2018-05-16,20:32,ner_3_train.ner,ner_3_test.ner,polyglot.vec,polyglot-char.vec,100362,94,281,57,24,True,concat,concat,0.5,0.0,3,0,adagrad,categorical_crossentropy,n,,9,32,0.49783904900608095,0.6068702290076337,y,05-16_20:32_607
no,2018-05-16,20:33,ner_3_train.ner,ner_3_test.ner,polyglot.vec,polyglot-char.vec,100380,94,282,63,24,True,concat,concat,0.5,0.0,3,0,adagrad,categorical_crossentropy,n,,11,32,0.46676823923837296,0.5605286872934815,y,05-16_20:33_561
no,2018-05-16,20:34,ner_3_train.ner,ner_3_test.ner,polyglot.vec,polyglot-char.vec,100354,94,286,58,24,True,concat,concat,0.5,0.0,3,0,adagrad,categorical_crossentropy,n,,7,32,0.4507713489510806,0.5609296482412061,y,05-16_20:34_561
no,2018-05-16,20:35,ner_3_train.ner,ner_3_test.ner,polyglot.vec,polyglot-char.vec,100379,94,277,58,24,True,concat,concat,0.5,0.0,3,0,adagrad,categorical_crossentropy,n,,14,32,0.564460449873867,0.6198723792160438,y,05-16_20:35_620
no,2018-05-16,20:37,ner_3_train.ner,ner_3_test.ner,polyglot.vec,polyglot-char.vec,100374,94,281,58,24,True,concat,concat,0.5,0.0,3,0,adagrad,categorical_crossentropy,n,,13,32,0.5389051615630412,0.6123680241327301,y,05-16_20:37_612
no,2018-05-16,20:38,ner_3_train.ner,ner_3_test.ner,polyglot.vec,polyglot-char.vec,100407,94,288,67,24,True,concat,concat,0.5,0.0,3,0,adagrad,categorical_crossentropy,n,,13,32,0.5344317438678865,0.6005647944775652,y,05-16_20:38_601
no,2018-05-16,20:40,ner_3_train.ner,ner_3_test.ner,polyglot.vec,polyglot-char.vec,100409,94,276,66,24,True,concat,concat,0.5,0.0,3,0,adagrad,categorical_crossentropy,n,,16,32,0.5500192520413977,0.8981508658643969,y,05-16_20:40_898
no,2018-05-16,20:41,ner_3_train.ner,ner_3_test.ner,polyglot.vec,polyglot-char.vec,100379,94,282,58,24,True,concat,concat,0.5,0.0,3,0,adagrad,categorical_crossentropy,n,,8,32,0.45769064165927764,0.8862777515351913,y,05-16_20:41_886
no,2018-05-16,20:43,ner_3_train.ner,ner_3_test.ner,polyglot.vec,polyglot-char.vec,100388,94,280,83,24,True,concat,concat,0.5,0.0,3,0,adagrad,categorical_crossentropy,n,,10,32,0.5240639754200018,0.5858335910918652,y,05-16_20:43_586
no,2018-05-16,20:44,ner_3_train.ner,ner_3_test.ner,polyglot.vec,polyglot-char.vec,100372,94,274,57,24,True,concat,concat,0.5,0.0,3,0,adagrad,categorical_crossentropy,n,,8,32,0.5482043025904102,0.8839006648860602,y,05-16_20:44_884
no,2018-05-16,20:45,ner_3_train.ner,ner_3_test.ner,polyglot.vec,polyglot-char.vec,100376,94,285,67,24,True,concat,concat,0.5,0.0,3,0,adagrad,categorical_crossentropy,n,,15,32,0.5789477441429463,0.6118581907090465,y,05-16_20:45_612
no,2018-05-16,20:47,ner_3_train.ner,ner_3_test.ner,polyglot.vec,polyglot-char.vec,100397,94,279,57,24,True,concat,concat,0.5,0.0,3,0,adagrad,categorical_crossentropy,n,,12,32,0.5026055303080716,0.5722911774572291,y,05-16_20:47_572
no,2018-05-16,20:48,ner_3_train.ner,ner_3_test.ner,polyglot.vec,polyglot-char.vec,100192,94,299,57,24,True,concat,concat,0.5,0.0,3,0,adagrad,categorical_crossentropy,n,,17,32,0.5082296245620946,0.5678776290630977,y,05-16_20:48_568
no,2018-05-16,20:49,ner_3_train.ner,ner_3_test.ner,polyglot.vec,polyglot-char.vec,100224,94,299,57,24,True,concat,concat,0.5,0.0,3,0,adagrad,categorical_crossentropy,n,,16,32,0.4737065470705921,0.5577100646352724,y,05-16_20:49_558
no,2018-05-16,20:50,ner_3_train.ner,ner_3_test.ner,polyglot.vec,polyglot-char.vec,100192,94,299,66,24,True,concat,concat,0.5,0.0,3,0,adagrad,categorical_crossentropy,n,,12,32,0.43869691357512086,0.545271629778672,y,05-16_20:50_545
no,2018-05-16,20:51,ner_3_train.ner,ner_3_test.ner,polyglot.vec,polyglot-char.vec,100192,94,296,57,24,True,concat,concat,0.5,0.0,3,0,adagrad,categorical_crossentropy,n,,10,32,0.4265454321047571,0.5109390777515987,y,05-16_20:51_511
no,2018-05-16,20:52,ner_3_train.ner,ner_3_test.ner,polyglot.vec,polyglot-char.vec,100194,94,303,63,24,True,concat,concat,0.5,0.0,3,0,adagrad,categorical_crossentropy,n,,18,32,0.48218713655235357,0.5378258105530833,y,05-16_20:52_538
no,2018-05-16,20:53,ner_3_train.ner,ner_3_test.ner,polyglot.vec,polyglot-char.vec,100177,94,303,57,24,True,concat,concat,0.5,0.0,3,0,adagrad,categorical_crossentropy,n,,16,32,0.4859378646703397,0.5501905972045744,y,05-16_20:53_550
no,2018-05-16,20:53,ner_3_train.ner,ner_3_test.ner,polyglot.vec,polyglot-char.vec,100206,94,300,57,24,True,concat,concat,0.5,0.0,3,0,adagrad,categorical_crossentropy,n,,11,32,0.430177942652761,0.48189415041782735,y,05-16_20:53_482
no,2018-05-16,20:55,ner_3_train.ner,ner_3_test.ner,polyglot.vec,polyglot-char.vec,100214,94,300,58,24,True,concat,concat,0.5,0.0,3,0,adagrad,categorical_crossentropy,n,,19,32,0.47956072328167265,0.5325683428957138,y,05-16_20:55_533
no,2018-05-16,20:56,ner_3_train.ner,ner_3_test.ner,polyglot.vec,polyglot-char.vec,100211,94,299,57,24,True,concat,concat,0.5,0.0,3,0,adagrad,categorical_crossentropy,n,,16,32,0.5078141965299946,0.5780118499012509,y,05-16_20:56_578
no,2018-05-16,20:56,ner_3_train.ner,ner_3_test.ner,polyglot.vec,polyglot-char.vec,100218,94,297,66,24,True,concat,concat,0.5,0.0,3,0,adagrad,categorical_crossentropy,n,,8,32,0.3363039694631155,0.8666430845419172,y,05-16_20:56_867
no,2018-05-16,20:57,ner_3_train.ner,ner_3_test.ner,polyglot.vec,polyglot-char.vec,100205,94,303,58,24,True,concat,concat,0.5,0.0,3,0,adagrad,categorical_crossentropy,n,,9,32,0.42870490553324525,0.8813033359193173,y,05-16_20:57_881
no,2018-05-16,20:58,ner_3_train.ner,ner_3_test.ner,polyglot.vec,polyglot-char.vec,100212,94,298,66,24,True,concat,concat,0.5,0.0,3,0,adagrad,categorical_crossentropy,n,,11,32,0.4300233276070142,0.4957156458267217,y,05-16_20:58_496
no,2018-05-16,20:59,ner_3_train.ner,ner_3_test.ner,polyglot.vec,polyglot-char.vec,100205,94,297,57,24,True,concat,concat,0.5,0.0,3,0,adagrad,categorical_crossentropy,n,,10,32,0.4741721603990203,0.8707250341997265,y,05-16_20:59_871
no,2018-05-16,21:00,ner_3_train.ner,ner_3_test.ner,polyglot.vec,polyglot-char.vec,100215,94,295,67,24,True,concat,concat,0.5,0.0,3,0,adagrad,categorical_crossentropy,n,,14,32,0.503513726502369,0.539892021595681,y,05-16_21:00_540
no,2018-05-16,21:01,ner_3_train.ner,ner_3_test.ner,polyglot.vec,polyglot-char.vec,100211,94,301,57,24,True,concat,concat,0.5,0.0,3,0,adagrad,categorical_crossentropy,n,,18,32,0.46658391889078454,0.5433017591339648,y,05-16_21:01_543
no,2018-05-16,21:01,ner_3_train.ner,ner_3_test.ner,polyglot.vec,polyglot-char.vec,100103,94,309,57,24,True,concat,concat,0.5,0.0,3,0,adagrad,categorical_crossentropy,n,,9,32,0.2248577739863797,0.3275663206459054,y,05-16_21:01_328
no,2018-05-16,21:02,ner_3_train.ner,ner_3_test.ner,polyglot.vec,polyglot-char.vec,100138,94,309,57,24,True,concat,concat,0.5,0.0,3,0,adagrad,categorical_crossentropy,n,,18,32,0.3730435910362363,0.4476458186929023,y,05-16_21:02_448
no,2018-05-16,21:03,ner_3_train.ner,ner_3_test.ner,polyglot.vec,polyglot-char.vec,100091,94,318,57,24,True,concat,concat,0.5,0.0,3,0,adagrad,categorical_crossentropy,n,,20,32,0.36819451051886115,0.44663742690058483,y,05-16_21:03_447
no,2018-05-16,21:03,ner_3_train.ner,ner_3_test.ner,polyglot.vec,polyglot-char.vec,100110,94,308,57,24,True,concat,concat,0.5,0.0,3,0,adagrad,categorical_crossentropy,n,,11,32,0.38730571702498967,0.4696645253390435,y,05-16_21:03_470
no,2018-05-16,21:04,ner_3_train.ner,ner_3_test.ner,polyglot.vec,polyglot-char.vec,100107,94,314,63,24,True,concat,concat,0.5,0.0,3,0,adagrad,categorical_crossentropy,n,,18,32,0.4067540050168672,0.43564356435643564,y,05-16_21:04_436
no,2018-05-16,21:05,ner_3_train.ner,ner_3_test.ner,polyglot.vec,polyglot-char.vec,100094,94,312,57,24,True,concat,concat,0.5,0.0,3,0,adagrad,categorical_crossentropy,n,,12,32,0.3463084469302016,0.4167465643975711,y,05-16_21:05_417
no,2018-05-16,21:05,ner_3_train.ner,ner_3_test.ner,polyglot.vec,polyglot-char.vec,100097,94,315,57,24,True,concat,concat,0.5,0.0,3,0,adagrad,categorical_crossentropy,n,,9,32,0.18713859851210013,0.26843357118586475,y,05-16_21:05_268
no,2018-05-16,21:06,ner_3_train.ner,ner_3_test.ner,polyglot.vec,polyglot-char.vec,100112,94,308,58,24,True,concat,concat,0.5,0.0,3,0,adagrad,categorical_crossentropy,n,,9,32,0.25954806143387243,0.3242798353909465,y,05-16_21:06_324
no,2018-05-16,21:07,ner_3_train.ner,ner_3_test.ner,polyglot.vec,polyglot-char.vec,100115,94,311,57,24,True,concat,concat,0.5,0.0,3,0,adagrad,categorical_crossentropy,n,,11,32,0.44591205437887493,0.4760373110324863,y,05-16_21:07_476
no,2018-05-16,21:07,ner_3_train.ner,ner_3_test.ner,polyglot.vec,polyglot-char.vec,100115,94,307,57,24,True,concat,concat,0.5,0.0,3,0,adagrad,categorical_crossentropy,n,,7,32,0.2224704131791031,0.8457284066839256,y,05-16_21:07_846
no,2018-05-16,21:08,ner_3_train.ner,ner_3_test.ner,polyglot.vec,polyglot-char.vec,100116,94,315,58,24,True,concat,concat,0.5,0.0,3,0,adagrad,categorical_crossentropy,n,,16,32,0.35664202669895395,0.8634512072731566,y,05-16_21:08_863
no,2018-05-16,21:08,ner_3_train.ner,ner_3_test.ner,polyglot.vec,polyglot-char.vec,100110,94,312,57,24,True,concat,concat,0.5,0.0,3,0,adagrad,categorical_crossentropy,n,,14,32,0.3652193096965036,0.43145299145299143,y,05-16_21:08_431
no,2018-05-16,21:09,ner_3_train.ner,ner_3_test.ner,polyglot.vec,polyglot-char.vec,100111,94,308,57,24,True,concat,concat,0.5,0.0,3,0,adagrad,categorical_crossentropy,n,,16,32,0.5302782957974734,0.8799314872966029,y,05-16_21:09_880
no,2018-05-16,21:10,ner_3_train.ner,ner_3_test.ner,polyglot.vec,polyglot-char.vec,100128,94,308,67,24,True,concat,concat,0.5,0.0,3,0,adagrad,categorical_crossentropy,n,,16,32,0.35839802420730027,0.4574155653450807,y,05-16_21:10_457
no,2018-05-16,21:11,ner_3_train.ner,ner_3_test.ner,polyglot.vec,polyglot-char.vec,100101,94,317,57,24,True,concat,concat,0.5,0.0,3,0,adagrad,categorical_crossentropy,n,,17,32,0.3037596470149956,0.36427320490367776,y,05-16_21:11_364
no,2018-05-16,21:11,ner_3_train.ner,ner_3_test.ner,polyglot.vec,polyglot-char.vec,100039,92,322,57,24,True,concat,concat,0.5,0.0,3,0,adagrad,categorical_crossentropy,n,,18,32,0.16316137977253134,0.22427676707426186,y,05-16_21:11_224
no,2018-05-16,21:11,ner_3_train.ner,ner_3_test.ner,polyglot.vec,polyglot-char.vec,100062,94,319,57,24,True,concat,concat,0.5,0.0,3,0,adagrad,categorical_crossentropy,n,,2,32,0.034711779448621555,0.052757793764988,y,05-16_21:11_53
no,2018-05-16,21:12,ner_3_train.ner,ner_3_test.ner,polyglot.vec,polyglot-char.vec,100044,94,324,57,24,True,concat,concat,0.5,0.0,3,0,adagrad,categorical_crossentropy,n,,2,32,0.006226857208979403,0.012352610892756877,y,05-16_21:12_12
no,2018-05-16,21:12,ner_3_train.ner,ner_3_test.ner,polyglot.vec,polyglot-char.vec,100044,94,320,57,24,True,concat,concat,0.5,0.0,3,0,adagrad,categorical_crossentropy,n,,2,32,0.0791968898364115,0.13359442993907747,y,05-16_21:12_134
no,2018-05-16,21:12,ner_3_train.ner,ner_3_test.ner,polyglot.vec,polyglot-char.vec,100031,93,321,57,24,True,concat,concat,0.5,0.0,3,0,adagrad,categorical_crossentropy,n,,2,32,0.046034947611396135,0.11668484187568157,y,05-16_21:12_117
no,2018-05-16,21:13,ner_3_train.ner,ner_3_test.ner,polyglot.vec,polyglot-char.vec,100037,94,325,57,24,True,concat,concat,0.5,0.0,3,0,adagrad,categorical_crossentropy,n,,2,32,0.0,0.0,y,05-16_21:13_0
no,2018-05-16,21:13,ner_3_train.ner,ner_3_test.ner,polyglot.vec,polyglot-char.vec,100051,94,320,57,24,True,concat,concat,0.5,0.0,3,0,adagrad,categorical_crossentropy,n,,2,32,0.028916544655929723,0.06914660831509847,y,05-16_21:13_69
no,2018-05-16,21:14,ner_3_train.ner,ner_3_test.ner,polyglot.vec,polyglot-char.vec,100053,94,318,57,24,True,concat,concat,0.5,0.0,3,0,adagrad,categorical_crossentropy,n,,32,32,0.24514466031833348,0.2977927422371867,y,05-16_21:14_298
no,2018-05-16,21:14,ner_3_train.ner,ner_3_test.ner,polyglot.vec,polyglot-char.vec,100060,94,318,57,24,True,concat,concat,0.5,0.0,3,0,adagrad,categorical_crossentropy,n,,2,32,0.05272384720440422,0.05849153412006158,y,05-16_21:14_58
no,2018-05-16,21:14,ner_3_train.ner,ner_3_test.ner,polyglot.vec,polyglot-char.vec,100050,94,317,57,24,True,concat,concat,0.5,0.0,3,0,adagrad,categorical_crossentropy,n,,3,32,0.11170111590159777,0.8248375958330896,y,05-16_21:14_825
no,2018-05-16,21:15,ner_3_train.ner,ner_3_test.ner,polyglot.vec,polyglot-char.vec,100048,93,323,58,24,True,concat,concat,0.5,0.0,3,0,adagrad,categorical_crossentropy,n,,13,32,0.12824309654524957,0.8286435998355166,y,05-16_21:15_829
no,2018-05-16,21:15,ner_3_train.ner,ner_3_test.ner,polyglot.vec,polyglot-char.vec,100048,93,324,57,24,True,concat,concat,0.5,0.0,3,0,adagrad,categorical_crossentropy,n,,2,32,0.0,0.0,y,05-16_21:15_0
no,2018-05-16,21:16,ner_3_train.ner,ner_3_test.ner,polyglot.vec,polyglot-char.vec,100047,93,322,57,24,True,concat,concat,0.5,0.0,3,0,adagrad,categorical_crossentropy,n,,2,32,0.13947076116260285,0.783769784172662,y,05-16_21:16_784
no,2018-05-16,21:16,ner_3_train.ner,ner_3_test.ner,polyglot.vec,polyglot-char.vec,100044,94,323,67,24,True,concat,concat,0.5,0.0,3,0,adagrad,categorical_crossentropy,n,,2,32,0.0,0.0,y,05-16_21:16_0
no,2018-05-16,21:16,ner_3_train.ner,ner_3_test.ner,polyglot.vec,polyglot-char.vec,100052,94,322,57,24,True,concat,concat,0.5,0.0,3,0,adagrad,categorical_crossentropy,n,,3,32,0.000564334085778781,0.0011376564277588166,y,05-16_21:16_1
no,2018-05-16,21:17,ner_3_train.ner,ner_3_test.ner,polyglot.vec,polyglot-char.vec,100019,88,323,57,24,True,concat,concat,0.5,0.0,3,0,adagrad,categorical_crossentropy,n,,3,32,0.0017006802721088435,0.003407155025553663,y,05-16_21:17_3
no,2018-05-16,21:17,ner_3_train.ner,ner_3_test.ner,polyglot.vec,polyglot-char.vec,100033,94,324,57,24,True,concat,concat,0.5,0.0,3,0,adagrad,categorical_crossentropy,n,,2,32,0.02875858097001382,0.08006218422075398,y,05-16_21:17_80
no,2018-05-16,21:17,ner_3_train.ner,ner_3_test.ner,polyglot.vec,polyglot-char.vec,100024,93,324,57,24,True,concat,concat,0.5,0.0,3,0,adagrad,categorical_crossentropy,n,,15,32,0.06543935706162213,0.1192327630896838,y,05-16_21:17_119
no,2018-05-16,21:18,ner_3_train.ner,ner_3_test.ner,polyglot.vec,polyglot-char.vec,100026,94,323,57,24,True,concat,concat,0.5,0.0,3,0,adagrad,categorical_crossentropy,n,,2,32,0.0366282009213394,0.042663891779396466,y,05-16_21:18_43
no,2018-05-16,21:18,ner_3_train.ner,ner_3_test.ner,polyglot.vec,polyglot-char.vec,100013,92,328,57,24,True,concat,concat,0.5,0.0,3,0,adagrad,categorical_crossentropy,n,,18,32,0.2140046651711525,0.2563410685375067,y,05-16_21:18_256
no,2018-05-16,21:19,ner_3_train.ner,ner_3_test.ner,polyglot.vec,polyglot-char.vec,100019,91,325,57,24,True,concat,concat,0.5,0.0,3,0,adagrad,categorical_crossentropy,n,,22,32,0.10305172018378979,0.1566696508504924,y,05-16_21:19_157
no,2018-05-16,21:19,ner_3_train.ner,ner_3_test.ner,polyglot.vec,polyglot-char.vec,100031,94,324,57,24,True,concat,concat,0.5,0.0,3,0,adagrad,categorical_crossentropy,n,,2,32,0.09537948732388488,0.1578648495173197,y,05-16_21:19_158
no,2018-05-16,21:19,ner_3_train.ner,ner_3_test.ner,polyglot.vec,polyglot-char.vec,100032,94,321,57,24,True,concat,concat,0.5,0.0,3,0,adagrad,categorical_crossentropy,n,,2,32,0.060209334587385824,0.1436907366885485,y,05-16_21:19_144
no,2018-05-16,21:20,ner_3_train.ner,ner_3_test.ner,polyglot.vec,polyglot-char.vec,100034,91,324,57,24,True,concat,concat,0.5,0.0,3,0,adagrad,categorical_crossentropy,n,,2,32,0.02784636302989826,0.045965770171149146,y,05-16_21:20_46
no,2018-05-16,21:20,ner_3_train.ner,ner_3_test.ner,polyglot.vec,polyglot-char.vec,100021,94,322,57,24,True,concat,concat,0.5,0.0,3,0,adagrad,categorical_crossentropy,n,,3,32,0.19954962547768407,0.816823330923114,y,05-16_21:20_817
no,2018-05-16,21:20,ner_3_train.ner,ner_3_test.ner,polyglot.vec,polyglot-char.vec,100026,90,327,58,24,True,concat,concat,0.5,0.0,3,0,adagrad,categorical_crossentropy,n,,2,32,0.11629886004188922,0.6216881594372803,y,05-16_21:20_622
no,2018-05-16,21:21,ner_3_train.ner,ner_3_test.ner,polyglot.vec,polyglot-char.vec,100030,92,325,57,24,True,concat,concat,0.5,0.0,3,0,adagrad,categorical_crossentropy,n,,2,32,0.04742575743416786,0.06267487409065473,y,05-16_21:21_63
no,2018-05-16,21:21,ner_3_train.ner,ner_3_test.ner,polyglot.vec,polyglot-char.vec,100028,92,325,57,24,True,concat,concat,0.5,0.0,3,0,adagrad,categorical_crossentropy,n,,2,32,0.1276525755470599,0.6883886938000116,y,05-16_21:21_688
no,2018-05-16,21:22,ner_3_train.ner,ner_3_test.ner,polyglot.vec,polyglot-char.vec,100028,94,326,67,24,True,concat,concat,0.5,0.0,3,0,adagrad,categorical_crossentropy,n,,2,32,0.0130479552968413,0.06553911205073996,y,05-16_21:22_66
no,2018-05-16,21:22,ner_3_train.ner,ner_3_test.ner,polyglot.vec,polyglot-char.vec,100023,93,325,57,24,True,concat,concat,0.5,0.0,3,0,adagrad,categorical_crossentropy,n,,14,32,0.05369076372289869,0.08721422523285352,y,05-16_21:22_87
no,2018-05-16,21:22,ner_3_train.ner,ner_3_test.ner,polyglot.vec,polyglot-char.vec,100013,84,328,57,24,True,concat,concat,0.5,0.0,3,0,adagrad,categorical_crossentropy,n,,2,32,0.048026775043174263,0.05324601366742598,y,05-16_21:22_53
no,2018-05-16,21:23,ner_3_train.ner,ner_3_test.ner,polyglot.vec,polyglot-char.vec,100018,92,325,57,24,True,concat,concat,0.5,0.0,3,0,adagrad,categorical_crossentropy,n,,2,32,0.039453730849045396,0.10434360592089299,y,05-16_21:23_104
no,2018-05-16,21:23,ner_3_train.ner,ner_3_test.ner,polyglot.vec,polyglot-char.vec,100016,91,324,57,24,True,concat,concat,0.5,0.0,3,0,adagrad,categorical_crossentropy,n,,2,32,0.07394267872541861,0.21207087486157256,y,05-16_21:23_212
no,2018-05-16,21:23,ner_3_train.ner,ner_3_test.ner,polyglot.vec,polyglot-char.vec,100015,94,326,57,24,True,concat,concat,0.5,0.0,3,0,adagrad,categorical_crossentropy,n,,2,32,0.0027048687637747943,0.00225098480585256,y,05-16_21:23_3
no,2018-05-16,21:24,ner_3_train.ner,ner_3_test.ner,polyglot.vec,polyglot-char.vec,100009,92,328,57,24,True,concat,concat,0.5,0.0,3,0,adagrad,categorical_crossentropy,n,,18,32,0.14408703758734798,0.20041928721174004,y,05-16_21:24_200
no,2018-05-16,21:24,ner_3_train.ner,ner_3_test.ner,polyglot.vec,polyglot-char.vec,100014,91,325,57,24,True,concat,concat,0.5,0.0,3,0,adagrad,categorical_crossentropy,n,,2,32,0.0,0.0,y,05-16_21:24_0
no,2018-05-16,21:24,ner_3_train.ner,ner_3_test.ner,polyglot.vec,polyglot-char.vec,100015,91,327,57,24,True,concat,concat,0.5,0.0,3,0,adagrad,categorical_crossentropy,n,,2,32,0.042143915038110026,0.055964653902798235,y,05-16_21:24_56
no,2018-05-16,21:25,ner_3_train.ner,ner_3_test.ner,polyglot.vec,polyglot-char.vec,100021,91,323,57,24,True,concat,concat,0.5,0.0,3,0,adagrad,categorical_crossentropy,n,,2,32,0.01973647430180343,0.05787376808555252,y,05-16_21:25_58
no,2018-05-16,21:25,ner_3_train.ner,ner_3_test.ner,polyglot.vec,polyglot-char.vec,100019,91,326,57,24,True,concat,concat,0.5,0.0,3,0,adagrad,categorical_crossentropy,n,,2,32,0.013298001850439074,0.06397466349960411,y,05-16_21:25_64
no,2018-05-16,21:26,ner_3_train.ner,ner_3_test.ner,polyglot.vec,polyglot-char.vec,100012,89,324,57,24,True,concat,concat,0.5,0.0,3,0,adagrad,categorical_crossentropy,n,,2,32,0.15146578600984323,0.8217381119700164,y,05-16_21:26_822
no,2018-05-16,21:26,ner_3_train.ner,ner_3_test.ner,polyglot.vec,polyglot-char.vec,100018,88,327,58,24,True,concat,concat,0.5,0.0,3,0,adagrad,categorical_crossentropy,n,,8,32,0.16628389237782104,0.8290259625051747,y,05-16_21:26_829
no,2018-05-16,21:26,ner_3_train.ner,ner_3_test.ner,polyglot.vec,polyglot-char.vec,100015,92,325,57,24,True,concat,concat,0.5,0.0,3,0,adagrad,categorical_crossentropy,n,,3,32,0.004366812227074236,0.008426966292134831,y,05-16_21:26_8
no,2018-05-16,21:27,ner_3_train.ner,ner_3_test.ner,polyglot.vec,polyglot-char.vec,100015,88,326,57,24,True,concat,concat,0.5,0.0,3,0,adagrad,categorical_crossentropy,n,,2,32,0.17522041279176725,0.7896709216535894,y,05-16_21:27_790
no,2018-05-16,21:27,ner_3_train.ner,ner_3_test.ner,polyglot.vec,polyglot-char.vec,100016,91,326,67,24,True,concat,concat,0.5,0.0,3,0,adagrad,categorical_crossentropy,n,,2,32,0.0,0.0,y,05-16_21:27_0
no,2018-05-16,21:27,ner_3_train.ner,ner_3_test.ner,polyglot.vec,polyglot-char.vec,100018,91,326,57,24,True,concat,concat,0.5,0.0,3,0,adagrad,categorical_crossentropy,n,,3,32,0.0011235955056179776,0.0022701475595913734,y,05-16_21:27_2
no,2018-05-17,13:42,ner_3_train.ner,ner_3_test.ner,polyglot.vec,polyglot-char.vec,101391,94,237,83,24,True,concat,concat,0.4,0.5,3,0,adagrad,poisson,n,,11,32,0.5986032180186615,0.6517533252720676,y,05-17_13:42_652
no,2018-05-17,13:53,ner_3_train.ner,ner_3_test.ner,polyglot.vec,polyglot-char.vec,101391,94,237,83,24,True,concat,concat,0.4,0.5,3,0,adagrad,poisson,n,,19,32,0.6371245808587348,0.6780660377358492,y,05-17_13:53_678
no,2018-05-17,14:04,ner_3_train.ner,ner_3_test.ner,polyglot.vec,polyglot-char.vec,101391,94,237,83,24,True,concat,concat,0.4,0.5,3,0,adagrad,poisson,n,,19,32,0.6435313292196774,0.7089529590288316,y,05-17_14:04_709
no,2018-05-17,14:19,ner_3_train.ner,ner_3_test.ner,polyglot.vec,polyglot-char.vec,101391,94,237,83,24,True,concat,concat,0.4,0.5,3,0,adagrad,poisson,n,,25,32,0.6659451637322134,0.7223543400713438,y,05-17_14:19_722
no,2018-05-17,14:36,ner_3_train.ner,ner_3_test.ner,polyglot.vec,polyglot-char.vec,101391,94,237,83,24,True,concat,concat,0.4,0.5,3,0,adagrad,poisson,n,,30,32,0.6656072088072881,0.7199526346950859,y,05-17_14:36_720
no,2018-05-17,14:46,ner_3_train.ner,ner_3_test.ner,polyglot.vec,polyglot-char.vec,101391,94,237,83,24,True,concat,concat,0.4,0.5,3,0,adagrad,poisson,n,,16,32,0.6438380470109855,0.7101363366923532,y,05-17_14:46_710
no,2018-05-17,14:59,ner_3_train.ner,ner_3_test.ner,polyglot.vec,polyglot-char.vec,101391,94,237,83,24,True,concat,concat,0.4,0.5,3,0,adagrad,poisson,n,,23,32,0.6458556353965577,0.7124666864080544,y,05-17_14:59_712
no,2018-05-17,15:12,ner_3_train.ner,ner_3_test.ner,polyglot.vec,polyglot-char.vec,101391,94,237,83,24,True,concat,concat,0.4,0.5,3,0,adagrad,poisson,n,,21,32,0.6373917757327942,0.7140287769784172,y,05-17_15:12_714
no,2018-05-17,15:23,ner_3_train.ner,ner_3_test.ner,polyglot.vec,polyglot-char.vec,101391,94,237,83,24,True,concat,concat,0.4,0.5,3,0,adagrad,poisson,n,,18,32,0.6537913950659944,0.709579933514657,y,05-17_15:23_710
no,2018-05-17,15:35,ner_3_train.ner,ner_3_test.ner,polyglot.vec,polyglot-char.vec,101391,94,237,83,24,True,concat,concat,0.4,0.5,3,0,adagrad,poisson,n,,22,32,0.6368108183209369,0.9258408434941392,y,05-17_15:35_926
no,2018-05-17,15:52,ner_3_train.ner,ner_3_test.ner,polyglot.vec,polyglot-char.vec,101391,94,237,83,24,True,concat,concat,0.4,0.5,3,0,adagrad,poisson,n,,28,32,0.6851750531989113,0.9285419734904271,y,05-17_15:52_929
no,2018-05-17,16:03,ner_3_train.ner,ner_3_test.ner,polyglot.vec,polyglot-char.vec,101391,94,237,83,24,True,concat,concat,0.4,0.5,3,0,adagrad,poisson,n,,19,32,0.6421933208019313,0.7031528851873884,y,05-17_16:03_703
no,2018-05-17,16:18,ner_3_train.ner,ner_3_test.ner,polyglot.vec,polyglot-char.vec,101391,94,237,83,24,True,concat,concat,0.4,0.5,3,0,adagrad,poisson,n,,26,32,0.7334886733294663,0.9318723742477574,y,05-17_16:18_932
no,2018-05-17,16:35,ner_3_train.ner,ner_3_test.ner,polyglot.vec,polyglot-char.vec,101391,94,237,83,24,True,concat,concat,0.4,0.5,3,0,adagrad,poisson,n,,30,32,0.6554982480851814,0.7224538415723645,y,05-17_16:35_722
no,2018-05-17,16:44,ner_3_train.ner,ner_3_test.ner,polyglot.vec,polyglot-char.vec,101391,94,237,83,24,True,concat,concat,0.4,0.5,3,0,adagrad,poisson,n,,13,32,0.645831008871215,0.7088989441930619,y,05-17_16:44_709
no,2018-05-17,16:51,ner_3_train.ner,ner_3_test.ner,polyglot.vec,polyglot-char.vec,100846,94,257,83,24,True,concat,concat,0.4,0.5,3,0,adagrad,poisson,n,,24,32,0.5930218973085971,0.6620272314674736,y,05-17_16:51_662
no,2018-05-17,16:56,ner_3_train.ner,ner_3_test.ner,polyglot.vec,polyglot-char.vec,100833,94,254,83,24,True,concat,concat,0.4,0.5,3,0,adagrad,poisson,n,,18,32,0.6078481255212258,0.6726457399103138,y,05-17_16:56_673
no,2018-05-17,17:03,ner_3_train.ner,ner_3_test.ner,polyglot.vec,polyglot-char.vec,100816,94,260,83,24,True,concat,concat,0.4,0.5,3,0,adagrad,poisson,n,,23,32,0.6173409092833857,0.6889226100151745,y,05-17_17:03_689
no,2018-05-17,17:10,ner_3_train.ner,ner_3_test.ner,polyglot.vec,polyglot-char.vec,100806,94,259,58,24,True,concat,concat,0.4,0.5,3,0,adagrad,poisson,n,,27,32,0.6366061689881495,0.6899563318777293,y,05-17_17:10_690
no,2018-05-17,17:15,ner_3_train.ner,ner_3_test.ner,polyglot.vec,polyglot-char.vec,100790,94,259,67,24,True,concat,concat,0.4,0.5,3,0,adagrad,poisson,n,,22,32,0.6096616007194898,0.6806930693069306,y,05-17_17:15_681
no,2018-05-17,17:20,ner_3_train.ner,ner_3_test.ner,polyglot.vec,polyglot-char.vec,100764,94,254,67,24,True,concat,concat,0.4,0.5,3,0,adagrad,poisson,n,,19,32,0.5905883703870853,0.6716107979827944,y,05-17_17:20_672
no,2018-05-17,17:26,ner_3_train.ner,ner_3_test.ner,polyglot.vec,polyglot-char.vec,100794,94,258,67,24,True,concat,concat,0.4,0.5,3,0,adagrad,poisson,n,,21,32,0.6384523755603394,0.6829715683277285,y,05-17_17:26_683
no,2018-05-17,17:33,ner_3_train.ner,ner_3_test.ner,polyglot.vec,polyglot-char.vec,100798,94,259,58,24,True,concat,concat,0.4,0.5,3,0,adagrad,poisson,n,,29,32,0.6152443973027395,0.6774785801713586,y,05-17_17:33_677
no,2018-05-17,17:42,ner_3_train.ner,ner_3_test.ner,polyglot.vec,polyglot-char.vec,100807,94,256,83,24,True,concat,concat,0.4,0.5,3,0,adagrad,poisson,n,,34,32,0.6477291914654608,0.7024210848912044,y,05-17_17:42_702
no,2018-05-17,17:47,ner_3_train.ner,ner_3_test.ner,polyglot.vec,polyglot-char.vec,100814,94,255,67,24,True,concat,concat,0.4,0.5,3,0,adagrad,poisson,n,,18,32,0.6052861642951936,0.9167109379611594,y,05-17_17:47_917
no,2018-05-17,17:53,ner_3_train.ner,ner_3_test.ner,polyglot.vec,polyglot-char.vec,100785,94,253,67,24,True,concat,concat,0.4,0.5,3,0,adagrad,poisson,n,,23,32,0.6402785429797976,0.9175736894746133,y,05-17_17:53_918
no,2018-05-17,18:03,ner_3_train.ner,ner_3_test.ner,polyglot.vec,polyglot-char.vec,100820,94,252,83,24,True,concat,concat,0.4,0.5,3,0,adagrad,poisson,n,,32,32,0.6308041333986429,0.6866848650288141,y,05-17_18:03_687
no,2018-05-17,18:07,ner_3_train.ner,ner_3_test.ner,polyglot.vec,polyglot-char.vec,100804,94,258,63,24,True,concat,concat,0.4,0.5,3,0,adagrad,poisson,n,,16,32,0.6726336915442452,0.9180402409912469,y,05-17_18:07_918
no,2018-05-17,18:13,ner_3_train.ner,ner_3_test.ner,polyglot.vec,polyglot-char.vec,100790,94,257,67,24,True,concat,concat,0.4,0.5,3,0,adagrad,poisson,n,,25,32,0.6283067720984923,0.6837041491280818,y,05-17_18:13_684
no,2018-05-17,18:17,ner_3_train.ner,ner_3_test.ner,polyglot.vec,polyglot-char.vec,100796,94,253,67,24,True,concat,concat,0.4,0.5,3,0,adagrad,poisson,n,,14,32,0.5907943489434714,0.6594853381208857,y,05-17_18:17_659
no,2018-05-17,18:20,ner_3_train.ner,ner_3_test.ner,polyglot.vec,polyglot-char.vec,100358,94,287,57,24,True,concat,concat,0.4,0.5,3,0,adagrad,poisson,n,,31,32,0.5467142202767213,0.6014245896562403,y,05-17_18:20_601
no,2018-05-17,18:22,ner_3_train.ner,ner_3_test.ner,polyglot.vec,polyglot-char.vec,100395,94,281,58,24,True,concat,concat,0.4,0.5,3,0,adagrad,poisson,n,,18,32,0.5530117955676136,0.6096256684491979,y,05-17_18:22_610
no,2018-05-17,18:24,ner_3_train.ner,ner_3_test.ner,polyglot.vec,polyglot-char.vec,100363,94,287,66,24,True,concat,concat,0.4,0.5,3,0,adagrad,poisson,n,,14,32,0.4902320626273545,0.5722733245729303,y,05-17_18:24_572
no,2018-05-17,18:26,ner_3_train.ner,ner_3_test.ner,polyglot.vec,polyglot-char.vec,100362,94,281,57,24,True,concat,concat,0.4,0.5,3,0,adagrad,poisson,n,,15,32,0.48330197219192644,0.588669125041904,y,05-17_18:26_589
no,2018-05-17,18:28,ner_3_train.ner,ner_3_test.ner,polyglot.vec,polyglot-char.vec,100380,94,282,63,24,True,concat,concat,0.4,0.5,3,0,adagrad,poisson,n,,22,32,0.5195499723544104,0.6120150187734669,y,05-17_18:28_612
no,2018-05-17,18:30,ner_3_train.ner,ner_3_test.ner,polyglot.vec,polyglot-char.vec,100354,94,286,58,24,True,concat,concat,0.4,0.5,3,0,adagrad,poisson,n,,9,32,0.531863987613726,0.5651074589127686,y,05-17_18:30_565
no,2018-05-17,18:31,ner_3_train.ner,ner_3_test.ner,polyglot.vec,polyglot-char.vec,100379,94,277,58,24,True,concat,concat,0.4,0.5,3,0,adagrad,poisson,n,,14,32,0.4887413017654656,0.5744297719087635,y,05-17_18:31_574
no,2018-05-17,18:33,ner_3_train.ner,ner_3_test.ner,polyglot.vec,polyglot-char.vec,100374,94,281,58,24,True,concat,concat,0.4,0.5,3,0,adagrad,poisson,n,,17,32,0.5395676462300178,0.6026341150016062,y,05-17_18:33_603
no,2018-05-17,18:35,ner_3_train.ner,ner_3_test.ner,polyglot.vec,polyglot-char.vec,100407,94,288,67,24,True,concat,concat,0.4,0.5,3,0,adagrad,poisson,n,,17,32,0.5498258317705895,0.6165413533834587,y,05-17_18:35_617
no,2018-05-17,18:38,ner_3_train.ner,ner_3_test.ner,polyglot.vec,polyglot-char.vec,100409,94,276,66,24,True,concat,concat,0.4,0.5,3,0,adagrad,poisson,n,,21,32,0.5548930221320394,0.9063643877671508,y,05-17_18:38_906
no,2018-05-17,18:40,ner_3_train.ner,ner_3_test.ner,polyglot.vec,polyglot-char.vec,100379,94,282,58,24,True,concat,concat,0.4,0.5,3,0,adagrad,poisson,n,,23,32,0.5608187726462041,0.9024967459472252,y,05-17_18:40_902
no,2018-05-17,18:42,ner_3_train.ner,ner_3_test.ner,polyglot.vec,polyglot-char.vec,100388,94,280,83,24,True,concat,concat,0.4,0.5,3,0,adagrad,poisson,n,,14,32,0.5034282269184117,0.5973367152821814,y,05-17_18:42_597
no,2018-05-17,18:45,ner_3_train.ner,ner_3_test.ner,polyglot.vec,polyglot-char.vec,100372,94,274,57,24,True,concat,concat,0.4,0.5,3,0,adagrad,poisson,n,,26,32,0.6727704072936427,0.9141062250142775,y,05-17_18:45_914
no,2018-05-17,18:48,ner_3_train.ner,ner_3_test.ner,polyglot.vec,polyglot-char.vec,100376,94,285,67,24,True,concat,concat,0.4,0.5,3,0,adagrad,poisson,n,,25,32,0.5672443790622095,0.6382846488502175,y,05-17_18:48_638
no,2018-05-17,18:50,ner_3_train.ner,ner_3_test.ner,polyglot.vec,polyglot-char.vec,100397,94,279,57,24,True,concat,concat,0.4,0.5,3,0,adagrad,poisson,n,,14,32,0.49594436703907513,0.602839220864972,y,05-17_18:50_603
no,2018-05-17,18:51,ner_3_train.ner,ner_3_test.ner,polyglot.vec,polyglot-char.vec,100192,94,299,57,24,True,concat,concat,0.4,0.5,3,0,adagrad,poisson,n,,23,32,0.4890101001644463,0.5649370586429229,y,05-17_18:51_565
no,2018-05-17,18:53,ner_3_train.ner,ner_3_test.ner,polyglot.vec,polyglot-char.vec,100224,94,299,57,24,True,concat,concat,0.4,0.5,3,0,adagrad,poisson,n,,27,32,0.49581443746807685,0.575615840349236,y,05-17_18:53_576
no,2018-05-17,18:54,ner_3_train.ner,ner_3_test.ner,polyglot.vec,polyglot-char.vec,100192,94,299,66,24,True,concat,concat,0.4,0.5,3,0,adagrad,poisson,n,,27,32,0.5002456074718991,0.5850249584026622,y,05-17_18:54_585
no,2018-05-17,18:56,ner_3_train.ner,ner_3_test.ner,polyglot.vec,polyglot-char.vec,100192,94,296,57,24,True,concat,concat,0.4,0.5,3,0,adagrad,poisson,n,,28,32,0.4800789351615766,0.5501509560550151,y,05-17_18:56_550
no,2018-05-17,18:57,ner_3_train.ner,ner_3_test.ner,polyglot.vec,polyglot-char.vec,100194,94,303,63,24,True,concat,concat,0.4,0.5,3,0,adagrad,poisson,n,,16,32,0.42926749244822804,0.4861736334405145,y,05-17_18:57_486
no,2018-05-17,18:59,ner_3_train.ner,ner_3_test.ner,polyglot.vec,polyglot-char.vec,100177,94,303,57,24,True,concat,concat,0.4,0.5,3,0,adagrad,poisson,n,,34,32,0.519069693839834,0.5950782997762863,y,05-17_18:59_595
no,2018-05-17,19:00,ner_3_train.ner,ner_3_test.ner,polyglot.vec,polyglot-char.vec,100206,94,300,57,24,True,concat,concat,0.4,0.5,3,0,adagrad,poisson,n,,20,32,0.5051245736841461,0.5365069154068832,y,05-17_19:00_537
no,2018-05-17,19:02,ner_3_train.ner,ner_3_test.ner,polyglot.vec,polyglot-char.vec,100214,94,300,58,24,True,concat,concat,0.4,0.5,3,0,adagrad,poisson,n,,25,32,0.44779136319981305,0.5382513661202186,y,05-17_19:02_538
no,2018-05-17,19:03,ner_3_train.ner,ner_3_test.ner,polyglot.vec,polyglot-char.vec,100211,94,299,57,24,True,concat,concat,0.4,0.5,3,0,adagrad,poisson,n,,23,32,0.543290553083057,0.6045926391947154,y,05-17_19:03_605
no,2018-05-17,19:04,ner_3_train.ner,ner_3_test.ner,polyglot.vec,polyglot-char.vec,100218,94,297,66,24,True,concat,concat,0.4,0.5,3,0,adagrad,poisson,n,,18,32,0.4191021159204037,0.8827790973871734,y,05-17_19:04_883
no,2018-05-17,19:05,ner_3_train.ner,ner_3_test.ner,polyglot.vec,polyglot-char.vec,100205,94,303,58,24,True,concat,concat,0.4,0.5,3,0,adagrad,poisson,n,,12,32,0.3688012665068992,0.8699211103861438,y,05-17_19:05_870
no,2018-05-17,19:07,ner_3_train.ner,ner_3_test.ner,polyglot.vec,polyglot-char.vec,100212,94,298,66,24,True,concat,concat,0.4,0.5,3,0,adagrad,poisson,n,,29,32,0.4674942586694689,0.5354796320630749,y,05-17_19:07_535
no,2018-05-17,19:08,ner_3_train.ner,ner_3_test.ner,polyglot.vec,polyglot-char.vec,100205,94,297,57,24,True,concat,concat,0.4,0.5,3,0,adagrad,poisson,n,,19,32,0.6115115348221778,0.9007651022039511,y,05-17_19:08_901
no,2018-05-17,19:10,ner_3_train.ner,ner_3_test.ner,polyglot.vec,polyglot-char.vec,100215,94,295,67,24,True,concat,concat,0.4,0.5,3,0,adagrad,poisson,n,,23,32,0.5144327413914477,0.5687462144155058,y,05-17_19:10_569
no,2018-05-17,19:11,ner_3_train.ner,ner_3_test.ner,polyglot.vec,polyglot-char.vec,100211,94,301,57,24,True,concat,concat,0.4,0.5,3,0,adagrad,poisson,n,,23,32,0.4438014800973312,0.5371468433903035,y,05-17_19:11_537
no,2018-05-17,19:12,ner_3_train.ner,ner_3_test.ner,polyglot.vec,polyglot-char.vec,100103,94,309,57,24,True,concat,concat,0.4,0.5,3,0,adagrad,poisson,n,,16,32,0.2984161489874654,0.40294323756131745,y,05-17_19:12_403
no,2018-05-17,19:13,ner_3_train.ner,ner_3_test.ner,polyglot.vec,polyglot-char.vec,100138,94,309,57,24,True,concat,concat,0.4,0.5,3,0,adagrad,poisson,n,,22,32,0.34383152327436944,0.4197002141327623,y,05-17_19:13_420
no,2018-05-17,19:14,ner_3_train.ner,ner_3_test.ner,polyglot.vec,polyglot-char.vec,100091,94,318,57,24,True,concat,concat,0.4,0.5,3,0,adagrad,poisson,n,,23,32,0.4328623817915791,0.49778986739204356,y,05-17_19:14_498
no,2018-05-17,19:15,ner_3_train.ner,ner_3_test.ner,polyglot.vec,polyglot-char.vec,100110,94,308,57,24,True,concat,concat,0.4,0.5,3,0,adagrad,poisson,n,,33,32,0.454964187852237,0.5100893152497519,y,05-17_19:15_510
no,2018-05-17,19:16,ner_3_train.ner,ner_3_test.ner,polyglot.vec,polyglot-char.vec,100107,94,314,63,24,True,concat,concat,0.4,0.5,3,0,adagrad,poisson,n,,18,32,0.39435610000609256,0.478093235191027,y,05-17_19:16_478
no,2018-05-17,19:17,ner_3_train.ner,ner_3_test.ner,polyglot.vec,polyglot-char.vec,100094,94,312,57,24,True,concat,concat,0.4,0.5,3,0,adagrad,poisson,n,,15,32,0.19441988887693318,0.2737210319195452,y,05-17_19:17_274
no,2018-05-17,19:18,ner_3_train.ner,ner_3_test.ner,polyglot.vec,polyglot-char.vec,100097,94,315,57,24,True,concat,concat,0.4,0.5,3,0,adagrad,poisson,n,,16,32,0.39756607669586225,0.4422514619883042,y,05-17_19:18_442
no,2018-05-17,19:18,ner_3_train.ner,ner_3_test.ner,polyglot.vec,polyglot-char.vec,100112,94,308,58,24,True,concat,concat,0.4,0.5,3,0,adagrad,poisson,n,,17,32,0.24783399480714052,0.34909090909090906,y,05-17_19:18_349
no,2018-05-17,19:19,ner_3_train.ner,ner_3_test.ner,polyglot.vec,polyglot-char.vec,100115,94,311,57,24,True,concat,concat,0.4,0.5,3,0,adagrad,poisson,n,,14,32,0.3497563267101486,0.4465454545454545,y,05-17_19:19_447
no,2018-05-17,19:20,ner_3_train.ner,ner_3_test.ner,polyglot.vec,polyglot-char.vec,100115,94,307,57,24,True,concat,concat,0.4,0.5,3,0,adagrad,poisson,n,,24,32,0.36532741521929724,0.8573119488666627,y,05-17_19:20_857
no,2018-05-17,19:21,ner_3_train.ner,ner_3_test.ner,polyglot.vec,polyglot-char.vec,100116,94,315,58,24,True,concat,concat,0.4,0.5,3,0,adagrad,poisson,n,,18,32,0.4091679492319171,0.8727272727272727,y,05-17_19:21_873
no,2018-05-17,19:22,ner_3_train.ner,ner_3_test.ner,polyglot.vec,polyglot-char.vec,100110,94,312,57,24,True,concat,concat,0.4,0.5,3,0,adagrad,poisson,n,,27,32,0.348150490682391,0.4325860435743606,y,05-17_19:22_433
no,2018-05-17,19:23,ner_3_train.ner,ner_3_test.ner,polyglot.vec,polyglot-char.vec,100111,94,308,57,24,True,concat,concat,0.4,0.5,3,0,adagrad,poisson,n,,14,32,0.3721108220853116,0.8538325438045773,y,05-17_19:23_854
no,2018-05-17,19:24,ner_3_train.ner,ner_3_test.ner,polyglot.vec,polyglot-char.vec,100128,94,308,67,24,True,concat,concat,0.4,0.5,3,0,adagrad,poisson,n,,23,32,0.412179905922545,0.46536039188243533,y,05-17_19:24_465
no,2018-05-17,19:25,ner_3_train.ner,ner_3_test.ner,polyglot.vec,polyglot-char.vec,100101,94,317,57,24,True,concat,concat,0.4,0.5,3,0,adagrad,poisson,n,,24,32,0.3394530648539971,0.4237707817474355,y,05-17_19:25_424
no,2018-05-17,19:25,ner_3_train.ner,ner_3_test.ner,polyglot.vec,polyglot-char.vec,100039,92,322,57,24,True,concat,concat,0.4,0.5,3,0,adagrad,poisson,n,,26,32,0.14403851248879856,0.23703703703703702,y,05-17_19:25_237
no,2018-05-17,19:26,ner_3_train.ner,ner_3_test.ner,polyglot.vec,polyglot-char.vec,100062,94,319,57,24,True,concat,concat,0.4,0.5,3,0,adagrad,poisson,n,,26,32,0.14156432286365006,0.2303182579564489,y,05-17_19:26_230
no,2018-05-17,19:27,ner_3_train.ner,ner_3_test.ner,polyglot.vec,polyglot-char.vec,100044,94,324,57,24,True,concat,concat,0.4,0.5,3,0,adagrad,poisson,n,,30,32,0.22185444278071784,0.3069265864786396,y,05-17_19:27_307
no,2018-05-17,19:27,ner_3_train.ner,ner_3_test.ner,polyglot.vec,polyglot-char.vec,100044,94,320,57,24,True,concat,concat,0.4,0.5,3,0,adagrad,poisson,n,,19,32,0.2324668295020872,0.2767932489451477,y,05-17_19:27_277
no,2018-05-17,19:28,ner_3_train.ner,ner_3_test.ner,polyglot.vec,polyglot-char.vec,100031,93,321,57,24,True,concat,concat,0.4,0.5,3,0,adagrad,poisson,n,,29,32,0.31890822288267967,0.3839602555003549,y,05-17_19:28_384
no,2018-05-17,19:28,ner_3_train.ner,ner_3_test.ner,polyglot.vec,polyglot-char.vec,100037,94,325,57,24,True,concat,concat,0.4,0.5,3,0,adagrad,poisson,n,,25,32,0.1626513264854471,0.21623931623931625,y,05-17_19:28_216
no,2018-05-17,19:29,ner_3_train.ner,ner_3_test.ner,polyglot.vec,polyglot-char.vec,100051,94,320,57,24,True,concat,concat,0.4,0.5,3,0,adagrad,poisson,n,,23,32,0.16292114375280792,0.2163416898792943,y,05-17_19:29_216
no,2018-05-17,19:30,ner_3_train.ner,ner_3_test.ner,polyglot.vec,polyglot-char.vec,100053,94,318,57,24,True,concat,concat,0.4,0.5,3,0,adagrad,poisson,n,,30,32,0.2032305104125083,0.26632079550367493,y,05-17_19:30_266
no,2018-05-17,19:30,ner_3_train.ner,ner_3_test.ner,polyglot.vec,polyglot-char.vec,100060,94,318,57,24,True,concat,concat,0.4,0.5,3,0,adagrad,poisson,n,,42,32,0.34460287207082313,0.37169406719085063,y,05-17_19:30_372
no,2018-05-17,19:31,ner_3_train.ner,ner_3_test.ner,polyglot.vec,polyglot-char.vec,100050,94,317,57,24,True,concat,concat,0.4,0.5,3,0,adagrad,poisson,n,,35,32,0.2966043206806242,0.8449639863029875,y,05-17_19:31_845
no,2018-05-17,19:32,ner_3_train.ner,ner_3_test.ner,polyglot.vec,polyglot-char.vec,100048,93,323,58,24,True,concat,concat,0.4,0.5,3,0,adagrad,poisson,n,,22,32,0.24681319298784635,0.8470518518518518,y,05-17_19:32_847
no,2018-05-17,19:32,ner_3_train.ner,ner_3_test.ner,polyglot.vec,polyglot-char.vec,100048,93,324,57,24,True,concat,concat,0.4,0.5,3,0,adagrad,poisson,n,,16,32,0.044544748565025785,0.0868248359414437,y,05-17_19:32_87
no,2018-05-17,19:33,ner_3_train.ner,ner_3_test.ner,polyglot.vec,polyglot-char.vec,100047,93,322,57,24,True,concat,concat,0.4,0.5,3,0,adagrad,poisson,n,,27,32,0.2335721326129163,0.8293525179856116,y,05-17_19:33_829
no,2018-05-17,19:34,ner_3_train.ner,ner_3_test.ner,polyglot.vec,polyglot-char.vec,100044,94,323,67,24,True,concat,concat,0.4,0.5,3,0,adagrad,poisson,n,,24,32,0.12075023261548982,0.18732525629077354,y,05-17_19:34_187
no,2018-05-17,19:34,ner_3_train.ner,ner_3_test.ner,polyglot.vec,polyglot-char.vec,100052,94,322,57,24,True,concat,concat,0.4,0.5,3,0,adagrad,poisson,n,,41,32,0.22272312179341014,0.2928,y,05-17_19:34_293
no,2018-05-17,19:35,ner_3_train.ner,ner_3_test.ner,polyglot.vec,polyglot-char.vec,100019,88,323,57,24,True,concat,concat,0.4,0.5,3,0,adagrad,poisson,n,,26,32,0.15768982837868767,0.2331146275569278,y,05-17_19:35_233
no,2018-05-17,19:36,ner_3_train.ner,ner_3_test.ner,polyglot.vec,polyglot-char.vec,100033,94,324,57,24,True,concat,concat,0.4,0.5,3,0,adagrad,poisson,n,,24,32,0.0820207801445205,0.13085004775549186,y,05-17_19:36_131
no,2018-05-17,19:36,ner_3_train.ner,ner_3_test.ner,polyglot.vec,polyglot-char.vec,100024,93,324,57,24,True,concat,concat,0.4,0.5,3,0,adagrad,poisson,n,,20,32,0.19633637406648646,0.3059984813971147,y,05-17_19:36_306
no,2018-05-17,19:36,ner_3_train.ner,ner_3_test.ner,polyglot.vec,polyglot-char.vec,100026,94,323,57,24,True,concat,concat,0.4,0.5,3,0,adagrad,poisson,n,,4,32,0.0,0.0,y,05-17_19:36_0
no,2018-05-17,19:37,ner_3_train.ner,ner_3_test.ner,polyglot.vec,polyglot-char.vec,100013,92,328,57,24,True,concat,concat,0.4,0.5,3,0,adagrad,poisson,n,,11,32,0.0753934282610539,0.07551622418879056,y,05-17_19:37_76
no,2018-05-17,19:37,ner_3_train.ner,ner_3_test.ner,polyglot.vec,polyglot-char.vec,100019,91,325,57,24,True,concat,concat,0.4,0.5,3,0,adagrad,poisson,n,,7,32,0.0,0.0,y,05-17_19:37_0
no,2018-05-17,19:38,ner_3_train.ner,ner_3_test.ner,polyglot.vec,polyglot-char.vec,100031,94,324,57,24,True,concat,concat,0.4,0.5,3,0,adagrad,poisson,n,,18,32,0.11762087976741917,0.13572854291417166,y,05-17_19:38_136
no,2018-05-17,19:38,ner_3_train.ner,ner_3_test.ner,polyglot.vec,polyglot-char.vec,100032,94,321,57,24,True,concat,concat,0.4,0.5,3,0,adagrad,poisson,n,,31,32,0.07366954635696857,0.1288782816229117,y,05-17_19:38_129
no,2018-05-17,19:39,ner_3_train.ner,ner_3_test.ner,polyglot.vec,polyglot-char.vec,100034,91,324,57,24,True,concat,concat,0.4,0.5,3,0,adagrad,poisson,n,,22,32,0.14266838181606398,0.16078066914498143,y,05-17_19:39_161
no,2018-05-17,19:40,ner_3_train.ner,ner_3_test.ner,polyglot.vec,polyglot-char.vec,100021,94,322,57,24,True,concat,concat,0.4,0.5,3,0,adagrad,poisson,n,,34,32,0.1879984493100067,0.8382993758096808,y,05-17_19:40_838
no,2018-05-17,19:40,ner_3_train.ner,ner_3_test.ner,polyglot.vec,polyglot-char.vec,100026,90,327,58,24,True,concat,concat,0.4,0.5,3,0,adagrad,poisson,n,,12,32,0.156179711884819,0.8336960997705747,y,05-17_19:40_834
no,2018-05-17,19:41,ner_3_train.ner,ner_3_test.ner,polyglot.vec,polyglot-char.vec,100030,92,325,57,24,True,concat,concat,0.4,0.5,3,0,adagrad,poisson,n,,24,32,0.11913680279040066,0.1347381864623244,y,05-17_19:41_135
no,2018-05-17,19:41,ner_3_train.ner,ner_3_test.ner,polyglot.vec,polyglot-char.vec,100028,92,325,57,24,True,concat,concat,0.4,0.5,3,0,adagrad,poisson,n,,21,32,0.18474323622903177,0.8209084105693397,y,05-17_19:41_821
no,2018-05-17,19:42,ner_3_train.ner,ner_3_test.ner,polyglot.vec,polyglot-char.vec,100028,94,326,67,24,True,concat,concat,0.4,0.5,3,0,adagrad,poisson,n,,16,32,0.06254954507433633,0.11242603550295859,y,05-17_19:42_112
no,2018-05-17,19:42,ner_3_train.ner,ner_3_test.ner,polyglot.vec,polyglot-char.vec,100023,93,325,57,24,True,concat,concat,0.4,0.5,3,0,adagrad,poisson,n,,15,32,0.04423943631792469,0.11080074487895718,y,05-17_19:42_111
no,2018-05-17,19:43,ner_3_train.ner,ner_3_test.ner,polyglot.vec,polyglot-char.vec,100013,84,328,57,24,True,concat,concat,0.4,0.5,3,0,adagrad,poisson,n,,7,32,0.001287001287001287,0.0024922118380062306,y,05-17_19:43_2
no,2018-05-17,19:43,ner_3_train.ner,ner_3_test.ner,polyglot.vec,polyglot-char.vec,100018,92,325,57,24,True,concat,concat,0.4,0.5,3,0,adagrad,poisson,n,,3,32,0.0,0.0,y,05-17_19:43_0
no,2018-05-17,19:44,ner_3_train.ner,ner_3_test.ner,polyglot.vec,polyglot-char.vec,100016,91,324,57,24,True,concat,concat,0.4,0.5,3,0,adagrad,poisson,n,,27,32,0.16477904897832002,0.2536287242169595,y,05-17_19:44_254
no,2018-05-17,19:44,ner_3_train.ner,ner_3_test.ner,polyglot.vec,polyglot-char.vec,100015,94,326,57,24,True,concat,concat,0.4,0.5,3,0,adagrad,poisson,n,,3,32,0.0,0.0,y,05-17_19:44_0
no,2018-05-17,19:44,ner_3_train.ner,ner_3_test.ner,polyglot.vec,polyglot-char.vec,100009,92,328,57,24,True,concat,concat,0.4,0.5,3,0,adagrad,poisson,n,,12,32,0.0948989975390766,0.08328375966686496,y,05-17_19:44_95
no,2018-05-17,19:45,ner_3_train.ner,ner_3_test.ner,polyglot.vec,polyglot-char.vec,100014,91,325,57,24,True,concat,concat,0.4,0.5,3,0,adagrad,poisson,n,,3,32,0.0,0.0,y,05-17_19:45_0
no,2018-05-17,19:45,ner_3_train.ner,ner_3_test.ner,polyglot.vec,polyglot-char.vec,100015,91,327,57,24,True,concat,concat,0.4,0.5,3,0,adagrad,poisson,n,,20,32,0.15434815455321996,0.1815038893690579,y,05-17_19:45_182
no,2018-05-17,19:46,ner_3_train.ner,ner_3_test.ner,polyglot.vec,polyglot-char.vec,100021,91,323,57,24,True,concat,concat,0.4,0.5,3,0,adagrad,poisson,n,,3,32,0.0,0.0,y,05-17_19:46_0
no,2018-05-17,19:46,ner_3_train.ner,ner_3_test.ner,polyglot.vec,polyglot-char.vec,100019,91,326,57,24,True,concat,concat,0.4,0.5,3,0,adagrad,poisson,n,,9,32,0.08788081251249562,0.1143131604226705,y,05-17_19:46_114
no,2018-05-17,19:47,ner_3_train.ner,ner_3_test.ner,polyglot.vec,polyglot-char.vec,100012,89,324,57,24,True,concat,concat,0.4,0.5,3,0,adagrad,poisson,n,,3,32,0.1116521794302392,0.8244319512766455,y,05-17_19:47_824
no,2018-05-17,19:47,ner_3_train.ner,ner_3_test.ner,polyglot.vec,polyglot-char.vec,100018,88,327,58,24,True,concat,concat,0.4,0.5,3,0,adagrad,poisson,n,,4,32,0.11418884734510543,0.828693790149893,y,05-17_19:47_829
no,2018-05-17,19:47,ner_3_train.ner,ner_3_test.ner,polyglot.vec,polyglot-char.vec,100015,92,325,57,24,True,concat,concat,0.4,0.5,3,0,adagrad,poisson,n,,4,32,0.000749063670411985,0.0014194464158978,y,05-17_19:47_1
no,2018-05-17,19:48,ner_3_train.ner,ner_3_test.ner,polyglot.vec,polyglot-char.vec,100015,88,326,57,24,True,concat,concat,0.4,0.5,3,0,adagrad,poisson,n,,22,32,0.2304700532241031,0.8312737920937042,y,05-17_19:48_831
no,2018-05-17,19:48,ner_3_train.ner,ner_3_test.ner,polyglot.vec,polyglot-char.vec,100016,91,326,67,24,True,concat,concat,0.4,0.5,3,0,adagrad,poisson,n,,6,32,0.0,0.0,y,05-17_19:48_0
no,2018-05-17,19:49,ner_3_train.ner,ner_3_test.ner,polyglot.vec,polyglot-char.vec,100018,91,326,57,24,True,concat,concat,0.4,0.5,3,0,adagrad,poisson,n,,20,32,0.055118788646650096,0.15011037527593818,y,05-17_19:49_150
no,2018-05-17,21:21,ner_3_train.ner,ner_3_test.ner,polyglot.vec,polyglot-char.vec,104845,181,230,83,24,True,concat,concat,0.4,0.5,3,0,adagrad,poisson,y,05-17_13:37_921,20,32,0.6634656699498143,0.7184061849539102,y,05-17_21:21_718
no,2018-05-17,21:38,ner_3_train.ner,ner_3_test.ner,polyglot.vec,polyglot-char.vec,104845,181,230,83,24,True,concat,concat,0.4,0.5,3,0,adagrad,poisson,y,05-17_13:37_921,30,32,0.6836603548919373,0.7345454545454546,y,05-17_21:38_735
no,2018-05-17,21:50,ner_3_train.ner,ner_3_test.ner,polyglot.vec,polyglot-char.vec,104845,181,230,83,24,True,concat,concat,0.4,0.5,3,0,adagrad,poisson,y,05-17_13:37_921,19,32,0.6497443553643172,0.7152592592592593,y,05-17_21:50_715
no,2018-05-17,22:04,ner_3_train.ner,ner_3_test.ner,polyglot.vec,polyglot-char.vec,104845,181,230,83,24,True,concat,concat,0.4,0.5,3,0,adagrad,poisson,y,05-17_13:37_921,25,32,0.6727729771719672,0.7275964391691394,y,05-17_22:04_728
no,2018-05-17,22:12,ner_3_train.ner,ner_3_test.ner,polyglot.vec,polyglot-char.vec,104845,181,230,83,24,True,concat,concat,0.4,0.5,3,0,adagrad,poisson,y,05-17_13:37_921,12,32,0.5742125774888964,0.6817236255572064,y,05-17_22:12_682
no,2018-05-17,22:21,ner_3_train.ner,ner_3_test.ner,polyglot.vec,polyglot-char.vec,104845,181,230,83,24,True,concat,concat,0.4,0.5,3,0,adagrad,poisson,y,05-17_13:37_921,15,32,0.6451386174060559,0.7116015508499851,y,05-17_22:21_712
no,2018-05-17,22:39,ner_3_train.ner,ner_3_test.ner,polyglot.vec,polyglot-char.vec,104845,181,230,83,24,True,concat,concat,0.4,0.5,3,0,adagrad,poisson,y,05-17_13:37_921,31,32,0.6864415327690035,0.7358659886329645,y,05-17_22:39_736
no,2018-05-17,22:50,ner_3_train.ner,ner_3_test.ner,polyglot.vec,polyglot-char.vec,104845,181,230,83,24,True,concat,concat,0.4,0.5,3,0,adagrad,poisson,y,05-17_13:37_921,17,32,0.6375030779386667,0.6953426283002077,y,05-17_22:50_695
no,2018-05-17,23:04,ner_3_train.ner,ner_3_test.ner,polyglot.vec,polyglot-char.vec,104845,181,230,83,24,True,concat,concat,0.4,0.5,3,0,adagrad,poisson,y,05-17_13:37_921,24,32,0.6594098262029744,0.7203110978163326,y,05-17_23:04_720
no,2018-05-17,23:12,ner_3_train.ner,ner_3_test.ner,polyglot.vec,polyglot-char.vec,104845,181,230,83,24,True,concat,concat,0.4,0.5,3,0,adagrad,poisson,y,05-17_13:37_921,13,32,0.636217310554775,0.925821264570823,y,05-17_23:12_926
no,2018-05-17,23:22,ner_3_train.ner,ner_3_test.ner,polyglot.vec,polyglot-char.vec,104845,181,230,83,24,True,concat,concat,0.4,0.5,3,0,adagrad,poisson,y,05-17_13:37_921,17,32,0.6671428619768661,0.9248793123748971,y,05-17_23:22_925
no,2018-05-17,23:33,ner_3_train.ner,ner_3_test.ner,polyglot.vec,polyglot-char.vec,104845,181,230,83,24,True,concat,concat,0.4,0.5,3,0,adagrad,poisson,y,05-17_13:37_921,18,32,0.654842137868348,0.7184234099731263,y,05-17_23:33_718
no,2018-05-17,23:48,ner_3_train.ner,ner_3_test.ner,polyglot.vec,polyglot-char.vec,104845,181,230,83,24,True,concat,concat,0.4,0.5,3,0,adagrad,poisson,y,05-17_13:37_921,25,32,0.7396315902440032,0.9353228185634856,y,05-17_23:48_935
no,2018-05-18,00:01,ner_3_train.ner,ner_3_test.ner,polyglot.vec,polyglot-char.vec,104845,181,230,83,24,True,concat,concat,0.4,0.5,3,0,adagrad,poisson,y,05-17_13:37_921,23,32,0.6679556616889464,0.725052129877867,y,05-18_00:01_725
no,2018-05-18,00:10,ner_3_train.ner,ner_3_test.ner,polyglot.vec,polyglot-char.vec,104845,181,230,83,24,True,concat,concat,0.4,0.5,3,0,adagrad,poisson,y,05-17_13:37_921,13,32,0.6533247458544525,0.6989559164733178,y,05-18_00:10_699
no,2018-05-18,00:13,ner_3_train.ner,ner_3_test.ner,polyglot.vec,polyglot-char.vec,104328,181,247,83,24,True,concat,concat,0.4,0.5,3,0,adagrad,poisson,y,05-17_13:37_921,10,32,0.5730022499520566,0.6346776567559611,y,05-18_00:13_635
no,2018-05-18,00:19,ner_3_train.ner,ner_3_test.ner,polyglot.vec,polyglot-char.vec,104325,181,244,83,24,True,concat,concat,0.4,0.5,3,0,adagrad,poisson,y,05-17_13:37_921,20,32,0.6291289414081699,0.6862570495696052,y,05-18_00:19_686
no,2018-05-18,00:28,ner_3_train.ner,ner_3_test.ner,polyglot.vec,polyglot-char.vec,104300,181,249,83,24,True,concat,concat,0.4,0.5,3,0,adagrad,poisson,y,05-17_13:37_921,28,32,0.6342155699797172,0.695154980439362,y,05-18_00:28_695
no,2018-05-18,00:34,ner_3_train.ner,ner_3_test.ner,polyglot.vec,polyglot-char.vec,104300,181,245,58,24,True,concat,concat,0.4,0.5,3,0,adagrad,poisson,y,05-17_13:37_921,26,32,0.6161416339508856,0.6901748040988547,y,05-18_00:34_690
no,2018-05-18,00:41,ner_3_train.ner,ner_3_test.ner,polyglot.vec,polyglot-char.vec,104281,181,248,67,24,True,concat,concat,0.4,0.5,3,0,adagrad,poisson,y,05-17_13:37_921,30,32,0.6396990635629249,0.6898021308980212,y,05-18_00:41_690
no,2018-05-18,00:46,ner_3_train.ner,ner_3_test.ner,polyglot.vec,polyglot-char.vec,104246,181,244,67,24,True,concat,concat,0.4,0.5,3,0,adagrad,poisson,y,05-17_13:37_921,17,32,0.6195079279178507,0.6807121661721068,y,05-18_00:46_681
no,2018-05-18,00:52,ner_3_train.ner,ner_3_test.ner,polyglot.vec,polyglot-char.vec,104283,181,247,67,24,True,concat,concat,0.4,0.5,3,0,adagrad,poisson,y,05-17_13:37_921,21,32,0.6402684870097395,0.6870275173873601,y,05-18_00:52_687
no,2018-05-18,00:57,ner_3_train.ner,ner_3_test.ner,polyglot.vec,polyglot-char.vec,104285,181,247,58,24,True,concat,concat,0.4,0.5,3,0,adagrad,poisson,y,05-17_13:37_921,24,32,0.6148383352343054,0.6758157974992375,y,05-18_00:57_676
no,2018-05-18,01:05,ner_3_train.ner,ner_3_test.ner,polyglot.vec,polyglot-char.vec,104294,181,246,83,24,True,concat,concat,0.4,0.5,3,0,adagrad,poisson,y,05-17_13:37_921,25,32,0.6388935948610173,0.6934703748488513,y,05-18_01:05_693
no,2018-05-18,01:09,ner_3_train.ner,ner_3_test.ner,polyglot.vec,polyglot-char.vec,104302,181,241,67,24,True,concat,concat,0.4,0.5,3,0,adagrad,poisson,y,05-17_13:37_921,17,32,0.6321458071377983,0.9223512764577559,y,05-18_01:09_922
no,2018-05-18,01:16,ner_3_train.ner,ner_3_test.ner,polyglot.vec,polyglot-char.vec,104275,181,243,67,24,True,concat,concat,0.4,0.5,3,0,adagrad,poisson,y,05-17_13:37_921,25,32,0.6665770115044994,0.9243004418262151,y,05-18_01:16_924
no,2018-05-18,01:23,ner_3_train.ner,ner_3_test.ner,polyglot.vec,polyglot-char.vec,104310,181,243,83,24,True,concat,concat,0.4,0.5,3,0,adagrad,poisson,y,05-17_13:37_921,23,32,0.6295596755790793,0.6886424932574168,y,05-18_01:23_689
no,2018-05-18,01:27,ner_3_train.ner,ner_3_test.ner,polyglot.vec,polyglot-char.vec,104291,181,245,63,24,True,concat,concat,0.4,0.5,3,0,adagrad,poisson,y,05-17_13:37_921,14,32,0.6845997263262904,0.9213738291229067,y,05-18_01:27_921
no,2018-05-18,01:31,ner_3_train.ner,ner_3_test.ner,polyglot.vec,polyglot-char.vec,104277,181,244,67,24,True,concat,concat,0.4,0.5,3,0,adagrad,poisson,y,05-17_13:37_921,14,32,0.6163160654637998,0.6780883678990081,y,05-18_01:31_678
no,2018-05-18,01:36,ner_3_train.ner,ner_3_test.ner,polyglot.vec,polyglot-char.vec,104284,181,242,67,24,True,concat,concat,0.4,0.5,3,0,adagrad,poisson,y,05-17_13:37_921,21,32,0.6224616147594628,0.6799524092801904,y,05-18_01:36_680
no,2018-05-18,01:38,ner_3_train.ner,ner_3_test.ner,polyglot.vec,polyglot-char.vec,103885,181,267,57,24,True,concat,concat,0.4,0.5,3,0,adagrad,poisson,y,05-17_13:37_921,16,32,0.47981155395770736,0.5657346817370613,y,05-18_01:38_566
no,2018-05-18,01:40,ner_3_train.ner,ner_3_test.ner,polyglot.vec,polyglot-char.vec,103920,181,261,58,24,True,concat,concat,0.4,0.5,3,0,adagrad,poisson,y,05-17_13:37_921,11,32,0.5115372314965632,0.5963549447266209,y,05-18_01:40_596
no,2018-05-18,01:42,ner_3_train.ner,ner_3_test.ner,polyglot.vec,polyglot-char.vec,103893,181,263,66,24,True,concat,concat,0.4,0.5,3,0,adagrad,poisson,y,05-17_13:37_921,15,32,0.47251891348106945,0.5688350983358548,y,05-18_01:42_569
no,2018-05-18,01:43,ner_3_train.ner,ner_3_test.ner,polyglot.vec,polyglot-char.vec,103883,181,262,57,24,True,concat,concat,0.4,0.5,3,0,adagrad,poisson,y,05-17_13:37_921,12,32,0.5200688045948343,0.5933534743202417,y,05-18_01:43_593
no,2018-05-18,01:46,ner_3_train.ner,ner_3_test.ner,polyglot.vec,polyglot-char.vec,103910,181,261,63,24,True,concat,concat,0.4,0.5,3,0,adagrad,poisson,y,05-17_13:37_921,21,32,0.5565180946542074,0.6083810672294242,y,05-18_01:46_608
no,2018-05-18,01:47,ner_3_train.ner,ner_3_test.ner,polyglot.vec,polyglot-char.vec,103878,181,267,58,24,True,concat,concat,0.4,0.5,3,0,adagrad,poisson,y,05-17_13:37_921,16,32,0.5309583754813325,0.6000603682463024,y,05-18_01:47_600
no,2018-05-18,01:49,ner_3_train.ner,ner_3_test.ner,polyglot.vec,polyglot-char.vec,103898,181,257,58,24,True,concat,concat,0.4,0.5,3,0,adagrad,poisson,y,05-17_13:37_921,10,32,0.5531355635344221,0.5763503649635037,y,05-18_01:49_576
no,2018-05-18,01:52,ner_3_train.ner,ner_3_test.ner,polyglot.vec,polyglot-char.vec,103902,181,261,58,24,True,concat,concat,0.4,0.5,3,0,adagrad,poisson,y,05-17_13:37_921,28,32,0.5754954735268996,0.6400487656202378,y,05-18_01:52_640
no,2018-05-18,01:53,ner_3_train.ner,ner_3_test.ner,polyglot.vec,polyglot-char.vec,103934,181,264,67,24,True,concat,concat,0.4,0.5,3,0,adagrad,poisson,y,05-17_13:37_921,6,32,0.44291483141158067,0.5245398773006136,y,05-18_01:53_525
no,2018-05-18,01:55,ner_3_train.ner,ner_3_test.ner,polyglot.vec,polyglot-char.vec,103926,181,257,66,24,True,concat,concat,0.4,0.5,3,0,adagrad,poisson,y,05-17_13:37_921,17,32,0.5628762055699574,0.9091338489697112,y,05-18_01:55_909
no,2018-05-18,01:57,ner_3_train.ner,ner_3_test.ner,polyglot.vec,polyglot-char.vec,103920,181,257,58,24,True,concat,concat,0.4,0.5,3,0,adagrad,poisson,y,05-17_13:37_921,16,32,0.5721579391344406,0.9091983920548593,y,05-18_01:57_909
no,2018-05-18,01:59,ner_3_train.ner,ner_3_test.ner,polyglot.vec,polyglot-char.vec,103917,181,260,83,24,True,concat,concat,0.4,0.5,3,0,adagrad,poisson,y,05-17_13:37_921,11,32,0.5057507161128929,0.5825716026812918,y,05-18_01:59_583
no,2018-05-18,02:01,ner_3_train.ner,ner_3_test.ner,polyglot.vec,polyglot-char.vec,103899,181,254,57,24,True,concat,concat,0.4,0.5,3,0,adagrad,poisson,y,05-17_13:37_921,22,32,0.6650601486056966,0.9162157543999545,y,05-18_02:01_916
no,2018-05-18,02:03,ner_3_train.ner,ner_3_test.ner,polyglot.vec,polyglot-char.vec,103907,181,262,67,24,True,concat,concat,0.4,0.5,3,0,adagrad,poisson,y,05-17_13:37_921,17,32,0.5749785864608628,0.6326164874551972,y,05-18_02:03_633
no,2018-05-18,02:04,ner_3_train.ner,ner_3_test.ner,polyglot.vec,polyglot-char.vec,103918,181,257,57,24,True,concat,concat,0.4,0.5,3,0,adagrad,poisson,y,05-17_13:37_921,11,32,0.5377912664312139,0.5943168077388151,y,05-18_02:04_594
no,2018-05-18,02:05,ner_3_train.ner,ner_3_test.ner,polyglot.vec,polyglot-char.vec,103739,181,272,57,24,True,concat,concat,0.4,0.5,3,0,adagrad,poisson,y,05-17_13:37_921,13,32,0.43662080330098796,0.5043270665472993,y,05-18_02:05_504
no,2018-05-18,02:07,ner_3_train.ner,ner_3_test.ner,polyglot.vec,polyglot-char.vec,103772,181,271,57,24,True,concat,concat,0.4,0.5,3,0,adagrad,poisson,y,05-17_13:37_921,22,32,0.5073844349017289,0.5682832490330259,y,05-18_02:07_568
no,2018-05-18,02:08,ner_3_train.ner,ner_3_test.ner,polyglot.vec,polyglot-char.vec,103737,181,270,66,24,True,concat,concat,0.4,0.5,3,0,adagrad,poisson,y,05-17_13:37_921,22,32,0.5209835957338229,0.5755176613885505,y,05-18_02:08_576
no,2018-05-18,02:10,ner_3_train.ner,ner_3_test.ner,polyglot.vec,polyglot-char.vec,103737,181,268,57,24,True,concat,concat,0.4,0.5,3,0,adagrad,poisson,y,05-17_13:37_921,21,32,0.5137985181585412,0.5699968681490761,y,05-18_02:10_570
no,2018-05-18,02:11,ner_3_train.ner,ner_3_test.ner,polyglot.vec,polyglot-char.vec,103757,181,271,63,24,True,concat,concat,0.4,0.5,3,0,adagrad,poisson,y,05-17_13:37_921,17,32,0.5149268345165277,0.5611161662117077,y,05-18_02:11_561
no,2018-05-18,02:13,ner_3_train.ner,ner_3_test.ner,polyglot.vec,polyglot-char.vec,103724,181,274,57,24,True,concat,concat,0.4,0.5,3,0,adagrad,poisson,y,05-17_13:37_921,25,32,0.524152333962526,0.5861027190332326,y,05-18_02:13_586
no,2018-05-18,02:14,ner_3_train.ner,ner_3_test.ner,polyglot.vec,polyglot-char.vec,103757,181,268,57,24,True,concat,concat,0.4,0.5,3,0,adagrad,poisson,y,05-17_13:37_921,19,32,0.47643417134047644,0.5022747952684258,y,05-18_02:14_502
no,2018-05-18,02:15,ner_3_train.ner,ner_3_test.ner,polyglot.vec,polyglot-char.vec,103765,181,271,58,24,True,concat,concat,0.4,0.5,3,0,adagrad,poisson,y,05-17_13:37_921,24,32,0.5174634119779241,0.58525921299188,y,05-18_02:15_585
no,2018-05-18,02:17,ner_3_train.ner,ner_3_test.ner,polyglot.vec,polyglot-char.vec,103765,181,269,57,24,True,concat,concat,0.4,0.5,3,0,adagrad,poisson,y,05-17_13:37_921,18,32,0.5427160590844415,0.5949559404436342,y,05-18_02:17_595
no,2018-05-18,02:18,ner_3_train.ner,ner_3_test.ner,polyglot.vec,polyglot-char.vec,103759,181,272,66,24,True,concat,concat,0.4,0.5,3,0,adagrad,poisson,y,05-17_13:37_921,14,32,0.447149302762403,0.8843738893496031,y,05-18_02:18_884
no,2018-05-18,02:19,ner_3_train.ner,ner_3_test.ner,polyglot.vec,polyglot-char.vec,103760,181,272,58,24,True,concat,concat,0.4,0.5,3,0,adagrad,poisson,y,05-17_13:37_921,12,32,0.4920638673378177,0.8877938731892663,y,05-18_02:19_888
no,2018-05-18,02:21,ner_3_train.ner,ner_3_test.ner,polyglot.vec,polyglot-char.vec,103763,181,271,66,24,True,concat,concat,0.4,0.5,3,0,adagrad,poisson,y,05-17_13:37_921,29,32,0.5046570827296191,0.554945054945055,y,05-18_02:21_555
no,2018-05-18,02:22,ner_3_train.ner,ner_3_test.ner,polyglot.vec,polyglot-char.vec,103756,181,271,57,24,True,concat,concat,0.4,0.5,3,0,adagrad,poisson,y,05-17_13:37_921,28,32,0.5800187974404807,0.8996575342465754,y,05-18_02:22_900
no,2018-05-18,02:24,ner_3_train.ner,ner_3_test.ner,polyglot.vec,polyglot-char.vec,103769,181,264,67,24,True,concat,concat,0.4,0.5,3,0,adagrad,poisson,y,05-17_13:37_921,24,32,0.5528568339680202,0.5959207803724504,y,05-18_02:24_596
no,2018-05-18,02:25,ner_3_train.ner,ner_3_test.ner,polyglot.vec,polyglot-char.vec,103757,181,271,57,24,True,concat,concat,0.4,0.5,3,0,adagrad,poisson,y,05-17_13:37_921,23,32,0.508322380547316,0.5680220116172423,y,05-18_02:25_568
no,2018-05-18,02:26,ner_3_train.ner,ner_3_test.ner,polyglot.vec,polyglot-char.vec,103663,181,275,57,24,True,concat,concat,0.4,0.5,3,0,adagrad,poisson,y,05-17_13:37_921,11,32,0.30199072311629693,0.4018018018018018,y,05-18_02:26_402
no,2018-05-18,02:27,ner_3_train.ner,ner_3_test.ner,polyglot.vec,polyglot-char.vec,103694,181,276,57,24,True,concat,concat,0.4,0.5,3,0,adagrad,poisson,y,05-17_13:37_921,9,32,0.2779664694445663,0.3541326363933355,y,05-18_02:27_354
no,2018-05-18,02:27,ner_3_train.ner,ner_3_test.ner,polyglot.vec,polyglot-char.vec,103664,181,278,57,24,True,concat,concat,0.4,0.5,3,0,adagrad,poisson,y,05-17_13:37_921,15,32,0.4212561482231296,0.47447073474470736,y,05-18_02:27_474
no,2018-05-18,02:28,ner_3_train.ner,ner_3_test.ner,polyglot.vec,polyglot-char.vec,103670,181,274,57,24,True,concat,concat,0.4,0.5,3,0,adagrad,poisson,y,05-17_13:37_921,12,32,0.40583394585573296,0.5058786145535431,y,05-18_02:28_506
no,2018-05-18,02:29,ner_3_train.ner,ner_3_test.ner,polyglot.vec,polyglot-char.vec,103681,181,276,63,24,True,concat,concat,0.4,0.5,3,0,adagrad,poisson,y,05-17_13:37_921,23,32,0.46618315165194113,0.5111536010197578,y,05-18_02:29_511
no,2018-05-18,02:30,ner_3_train.ner,ner_3_test.ner,polyglot.vec,polyglot-char.vec,103663,181,276,57,24,True,concat,concat,0.4,0.5,3,0,adagrad,poisson,y,05-17_13:37_921,24,32,0.4528277926875405,0.5121794871794872,y,05-18_02:30_512
no,2018-05-18,02:31,ner_3_train.ner,ner_3_test.ner,polyglot.vec,polyglot-char.vec,103665,181,278,57,24,True,concat,concat,0.4,0.5,3,0,adagrad,poisson,y,05-17_13:37_921,21,32,0.4521885707213383,0.47167012755858795,y,05-18_02:31_472
no,2018-05-18,02:32,ner_3_train.ner,ner_3_test.ner,polyglot.vec,polyglot-char.vec,103678,181,274,58,24,True,concat,concat,0.4,0.5,3,0,adagrad,poisson,y,05-17_13:37_921,11,32,0.3439844199148553,0.4466876971608833,y,05-18_02:32_447
no,2018-05-18,02:32,ner_3_train.ner,ner_3_test.ner,polyglot.vec,polyglot-char.vec,103686,181,274,57,24,True,concat,concat,0.4,0.5,3,0,adagrad,poisson,y,05-17_13:37_921,17,32,0.49707800526285506,0.5410895660203139,y,05-18_02:32_541
no,2018-05-18,02:33,ner_3_train.ner,ner_3_test.ner,polyglot.vec,polyglot-char.vec,103670,181,276,57,24,True,concat,concat,0.4,0.5,3,0,adagrad,poisson,y,05-17_13:37_921,9,32,0.32693014254022346,0.8488734631448909,y,05-18_02:33_849
no,2018-05-18,02:34,ner_3_train.ner,ner_3_test.ner,polyglot.vec,polyglot-char.vec,103683,181,277,58,24,True,concat,concat,0.4,0.5,3,0,adagrad,poisson,y,05-17_13:37_921,10,32,0.3205544899135945,0.8643192209488747,y,05-18_02:34_864
no,2018-05-18,02:34,ner_3_train.ner,ner_3_test.ner,polyglot.vec,polyglot-char.vec,103675,181,279,57,24,True,concat,concat,0.4,0.5,3,0,adagrad,poisson,y,05-17_13:37_921,7,32,0.3017823573805836,0.32951807228915664,y,05-18_02:34_330
no,2018-05-18,02:35,ner_3_train.ner,ner_3_test.ner,polyglot.vec,polyglot-char.vec,103676,181,273,57,24,True,concat,concat,0.4,0.5,3,0,adagrad,poisson,y,05-17_13:37_921,13,32,0.5243057022846547,0.8816433367474679,y,05-18_02:35_882
no,2018-05-18,02:36,ner_3_train.ner,ner_3_test.ner,polyglot.vec,polyglot-char.vec,103690,181,274,67,24,True,concat,concat,0.4,0.5,3,0,adagrad,poisson,y,05-17_13:37_921,16,32,0.48080013453524484,0.515572001233426,y,05-18_02:36_516
no,2018-05-18,02:37,ner_3_train.ner,ner_3_test.ner,polyglot.vec,polyglot-char.vec,103668,181,279,57,24,True,concat,concat,0.4,0.5,3,0,adagrad,poisson,y,05-17_13:37_921,14,32,0.2636771941492234,0.351728320194057,y,05-18_02:37_352
no,2018-05-18,02:37,ner_3_train.ner,ner_3_test.ner,polyglot.vec,polyglot-char.vec,103615,181,281,57,24,True,concat,concat,0.4,0.5,3,0,adagrad,poisson,y,05-17_13:37_921,29,32,0.2302607313001141,0.31983198319831985,y,05-18_02:37_320
no,2018-05-18,02:38,ner_3_train.ner,ner_3_test.ner,polyglot.vec,polyglot-char.vec,103629,181,282,57,24,True,concat,concat,0.4,0.5,3,0,adagrad,poisson,y,05-17_13:37_921,19,32,0.24302614040155396,0.320076360165447,y,05-18_02:38_320
no,2018-05-18,02:39,ner_3_train.ner,ner_3_test.ner,polyglot.vec,polyglot-char.vec,103627,181,281,57,24,True,concat,concat,0.4,0.5,3,0,adagrad,poisson,y,05-17_13:37_921,15,32,0.28512470119752437,0.3722603859993457,y,05-18_02:39_372
no,2018-05-18,02:39,ner_3_train.ner,ner_3_test.ner,polyglot.vec,polyglot-char.vec,103621,181,279,57,24,True,concat,concat,0.4,0.5,3,0,adagrad,poisson,y,05-17_13:37_921,22,32,0.34042706471309325,0.40048105832832237,y,05-18_02:39_400
no,2018-05-18,02:40,ner_3_train.ner,ner_3_test.ner,polyglot.vec,polyglot-char.vec,103612,181,280,57,24,True,concat,concat,0.4,0.5,3,0,adagrad,poisson,y,05-17_13:37_921,14,32,0.2849751377544768,0.3648607284970921,y,05-18_02:40_365
no,2018-05-18,02:40,ner_3_train.ner,ner_3_test.ner,polyglot.vec,polyglot-char.vec,103616,181,284,57,24,True,concat,concat,0.4,0.5,3,0,adagrad,poisson,y,05-17_13:37_921,14,32,0.27789462777075824,0.33549984524914883,y,05-18_02:40_335
no,2018-05-18,02:41,ner_3_train.ner,ner_3_test.ner,polyglot.vec,polyglot-char.vec,103625,181,280,57,24,True,concat,concat,0.4,0.5,3,0,adagrad,poisson,y,05-17_13:37_921,16,32,0.2484976748169477,0.2808056872037915,y,05-18_02:41_281
no,2018-05-18,02:42,ner_3_train.ner,ner_3_test.ner,polyglot.vec,polyglot-char.vec,103629,181,279,57,24,True,concat,concat,0.4,0.5,3,0,adagrad,poisson,y,05-17_13:37_921,17,32,0.24779154696337935,0.3203463203463203,y,05-18_02:42_320
no,2018-05-18,02:42,ner_3_train.ner,ner_3_test.ner,polyglot.vec,polyglot-char.vec,103637,181,278,57,24,True,concat,concat,0.4,0.5,3,0,adagrad,poisson,y,05-17_13:37_921,18,32,0.3597181728751377,0.3776223776223776,y,05-18_02:42_378
no,2018-05-18,02:43,ner_3_train.ner,ner_3_test.ner,polyglot.vec,polyglot-char.vec,103624,181,278,57,24,True,concat,concat,0.4,0.5,3,0,adagrad,poisson,y,05-17_13:37_921,26,32,0.31989725409287706,0.8432813878271096,y,05-18_02:43_843
no,2018-05-18,02:43,ner_3_train.ner,ner_3_test.ner,polyglot.vec,polyglot-char.vec,103625,181,280,58,24,True,concat,concat,0.4,0.5,3,0,adagrad,poisson,y,05-17_13:37_921,5,32,0.2593239661500718,0.8362104763599691,y,05-18_02:43_836
no,2018-05-18,02:44,ner_3_train.ner,ner_3_test.ner,polyglot.vec,polyglot-char.vec,103626,181,284,57,24,True,concat,concat,0.4,0.5,3,0,adagrad,poisson,y,05-17_13:37_921,15,32,0.1635980283626569,0.22176949941792784,y,05-18_02:44_222
no,2018-05-18,02:45,ner_3_train.ner,ner_3_test.ner,polyglot.vec,polyglot-char.vec,103622,181,281,57,24,True,concat,concat,0.4,0.5,3,0,adagrad,poisson,y,05-17_13:37_921,30,32,0.36646449600082276,0.8456059735784032,y,05-18_02:45_846
no,2018-05-18,02:45,ner_3_train.ner,ner_3_test.ner,polyglot.vec,polyglot-char.vec,103625,181,281,67,24,True,concat,concat,0.4,0.5,3,0,adagrad,poisson,y,05-17_13:37_921,12,32,0.28340587204096385,0.327653997378768,y,05-18_02:45_328
no,2018-05-18,02:46,ner_3_train.ner,ner_3_test.ner,polyglot.vec,polyglot-char.vec,103624,181,282,57,24,True,concat,concat,0.4,0.5,3,0,adagrad,poisson,y,05-17_13:37_921,20,32,0.3249416596885313,0.35648,y,05-18_02:46_356
no,2018-05-18,02:46,ner_3_train.ner,ner_3_test.ner,polyglot.vec,polyglot-char.vec,103602,181,281,57,24,True,concat,concat,0.4,0.5,3,0,adagrad,poisson,y,05-17_13:37_921,19,32,0.19240566832537936,0.27315247895229183,y,05-18_02:46_273
no,2018-05-18,02:47,ner_3_train.ner,ner_3_test.ner,polyglot.vec,polyglot-char.vec,103611,181,283,57,24,True,concat,concat,0.4,0.5,3,0,adagrad,poisson,y,05-17_13:37_921,28,32,0.19095989715071404,0.253538848694558,y,05-18_02:47_254
no,2018-05-18,02:47,ner_3_train.ner,ner_3_test.ner,polyglot.vec,polyglot-char.vec,103607,181,281,57,24,True,concat,concat,0.4,0.5,3,0,adagrad,poisson,y,05-17_13:37_921,13,32,0.2098823771556667,0.29308755760368665,y,05-18_02:47_293
no,2018-05-18,02:48,ner_3_train.ner,ner_3_test.ner,polyglot.vec,polyglot-char.vec,103605,181,282,57,24,True,concat,concat,0.4,0.5,3,0,adagrad,poisson,y,05-17_13:37_921,4,32,0.0753893742319084,0.08424336973478938,y,05-18_02:48_84
no,2018-05-18,02:48,ner_3_train.ner,ner_3_test.ner,polyglot.vec,polyglot-char.vec,103598,181,284,57,24,True,concat,concat,0.4,0.5,3,0,adagrad,poisson,y,05-17_13:37_921,19,32,0.29413912778252943,0.32532104050049393,y,05-18_02:48_325
no,2018-05-18,02:49,ner_3_train.ner,ner_3_test.ner,polyglot.vec,polyglot-char.vec,103598,181,284,57,24,True,concat,concat,0.4,0.5,3,0,adagrad,poisson,y,05-17_13:37_921,12,32,0.19243625053612956,0.2423515296940612,y,05-18_02:49_242
no,2018-05-18,02:49,ner_3_train.ner,ner_3_test.ner,polyglot.vec,polyglot-char.vec,103608,181,281,57,24,True,concat,concat,0.4,0.5,3,0,adagrad,poisson,y,05-17_13:37_921,14,32,0.2933261687635073,0.30965391621129323,y,05-18_02:49_310
no,2018-05-18,02:50,ner_3_train.ner,ner_3_test.ner,polyglot.vec,polyglot-char.vec,103614,181,279,57,24,True,concat,concat,0.4,0.5,3,0,adagrad,poisson,y,05-17_13:37_921,20,32,0.20367398014610705,0.25659189295552937,y,05-18_02:50_257
no,2018-05-18,02:50,ner_3_train.ner,ner_3_test.ner,polyglot.vec,polyglot-char.vec,103616,181,281,57,24,True,concat,concat,0.4,0.5,3,0,adagrad,poisson,y,05-17_13:37_921,18,32,0.288561990347165,0.31184128952262863,y,05-18_02:50_312
no,2018-05-18,02:51,ner_3_train.ner,ner_3_test.ner,polyglot.vec,polyglot-char.vec,103602,181,281,57,24,True,concat,concat,0.4,0.5,3,0,adagrad,poisson,y,05-17_13:37_921,10,32,0.3105725071937343,0.8280471360731664,y,05-18_02:51_828
no,2018-05-18,02:51,ner_3_train.ner,ner_3_test.ner,polyglot.vec,polyglot-char.vec,103608,181,283,58,24,True,concat,concat,0.4,0.5,3,0,adagrad,poisson,y,05-17_13:37_921,5,32,0.20438991573153859,0.82846236430872,y,05-18_02:51_828
no,2018-05-18,02:52,ner_3_train.ner,ner_3_test.ner,polyglot.vec,polyglot-char.vec,103610,181,284,57,24,True,concat,concat,0.4,0.5,3,0,adagrad,poisson,y,05-17_13:37_921,13,32,0.15253979105486437,0.17391304347826086,y,05-18_02:52_174
no,2018-05-18,02:52,ner_3_train.ner,ner_3_test.ner,polyglot.vec,polyglot-char.vec,103610,181,282,57,24,True,concat,concat,0.4,0.5,3,0,adagrad,poisson,y,05-17_13:37_921,5,32,0.23203661406756493,0.8148827609929484,y,05-18_02:52_815
no,2018-05-18,02:53,ner_3_train.ner,ner_3_test.ner,polyglot.vec,polyglot-char.vec,103611,181,283,67,24,True,concat,concat,0.4,0.5,3,0,adagrad,poisson,y,05-17_13:37_921,20,32,0.3162912729007089,0.3211200476616026,y,05-18_02:53_321
no,2018-05-18,02:53,ner_3_train.ner,ner_3_test.ner,polyglot.vec,polyglot-char.vec,103604,181,283,57,24,True,concat,concat,0.4,0.5,3,0,adagrad,poisson,y,05-17_13:37_921,18,32,0.257619371780308,0.2810846560846561,y,05-18_02:53_281
no,2018-05-18,02:54,ner_3_train.ner,ner_3_test.ner,polyglot.vec,polyglot-char.vec,103598,181,284,57,24,True,concat,concat,0.4,0.5,3,0,adagrad,poisson,y,05-17_13:37_921,6,32,0.16472544475609685,0.2674991784423266,y,05-18_02:54_267
no,2018-05-18,02:54,ner_3_train.ner,ner_3_test.ner,polyglot.vec,polyglot-char.vec,103600,181,283,57,24,True,concat,concat,0.4,0.5,3,0,adagrad,poisson,y,05-17_13:37_921,7,32,0.09443253851008852,0.17248322147651007,y,05-18_02:54_172
no,2018-05-18,02:55,ner_3_train.ner,ner_3_test.ner,polyglot.vec,polyglot-char.vec,103599,181,281,57,24,True,concat,concat,0.4,0.5,3,0,adagrad,poisson,y,05-17_13:37_921,25,32,0.19812607129211973,0.2830306825297432,y,05-18_02:55_283
no,2018-05-18,02:55,ner_3_train.ner,ner_3_test.ner,polyglot.vec,polyglot-char.vec,103599,181,283,57,24,True,concat,concat,0.4,0.5,3,0,adagrad,poisson,y,05-17_13:37_921,6,32,0.09411716826337946,0.14728399562522784,y,05-18_02:55_147
no,2018-05-18,02:56,ner_3_train.ner,ner_3_test.ner,polyglot.vec,polyglot-char.vec,103594,181,284,57,24,True,concat,concat,0.4,0.5,3,0,adagrad,poisson,y,05-17_13:37_921,9,32,0.2063721774614912,0.2411708558701877,y,05-18_02:56_241
no,2018-05-18,02:56,ner_3_train.ner,ner_3_test.ner,polyglot.vec,polyglot-char.vec,103593,181,284,57,24,True,concat,concat,0.4,0.5,3,0,adagrad,poisson,y,05-17_13:37_921,8,32,0.09001401671919475,0.14972273567467653,y,05-18_02:56_150
no,2018-05-18,02:57,ner_3_train.ner,ner_3_test.ner,polyglot.vec,polyglot-char.vec,103598,181,283,57,24,True,concat,concat,0.4,0.5,3,0,adagrad,poisson,y,05-17_13:37_921,11,32,0.2803702608615358,0.3021502373638648,y,05-18_02:57_302
no,2018-05-18,02:57,ner_3_train.ner,ner_3_test.ner,polyglot.vec,polyglot-char.vec,103604,181,280,57,24,True,concat,concat,0.4,0.5,3,0,adagrad,poisson,y,05-17_13:37_921,9,32,0.13332784476135812,0.23873061666065634,y,05-18_02:57_239
no,2018-05-18,02:58,ner_3_train.ner,ner_3_test.ner,polyglot.vec,polyglot-char.vec,103602,181,283,57,24,True,concat,concat,0.4,0.5,3,0,adagrad,poisson,y,05-17_13:37_921,7,32,0.17221474732198427,0.26982418371008254,y,05-18_02:58_270
no,2018-05-18,02:58,ner_3_train.ner,ner_3_test.ner,polyglot.vec,polyglot-char.vec,103595,181,282,57,24,True,concat,concat,0.4,0.5,3,0,adagrad,poisson,y,05-17_13:37_921,8,32,0.17592586542625147,0.8151304652384566,y,05-18_02:58_815
no,2018-05-18,02:59,ner_3_train.ner,ner_3_test.ner,polyglot.vec,polyglot-char.vec,103601,181,283,58,24,True,concat,concat,0.4,0.5,3,0,adagrad,poisson,y,05-17_13:37_921,12,32,0.2473409037427382,0.8265878521020569,y,05-18_02:59_827
no,2018-05-18,02:59,ner_3_train.ner,ner_3_test.ner,polyglot.vec,polyglot-char.vec,103596,181,284,57,24,True,concat,concat,0.4,0.5,3,0,adagrad,poisson,y,05-17_13:37_921,5,32,0.12367177928614821,0.17756692646560487,y,05-18_02:59_178
no,2018-05-18,02:59,ner_3_train.ner,ner_3_test.ner,polyglot.vec,polyglot-char.vec,103599,181,283,57,24,True,concat,concat,0.4,0.5,3,0,adagrad,poisson,y,05-17_13:37_921,6,32,0.2761051899038722,0.8313702623906706,y,05-18_02:59_831
no,2018-05-18,03:00,ner_3_train.ner,ner_3_test.ner,polyglot.vec,polyglot-char.vec,103599,181,283,67,24,True,concat,concat,0.4,0.5,3,0,adagrad,poisson,y,05-17_13:37_921,6,32,0.12617500872991663,0.18157543391188252,y,05-18_03:00_182
no,2018-05-18,03:00,ner_3_train.ner,ner_3_test.ner,polyglot.vec,polyglot-char.vec,103600,181,284,57,24,True,concat,concat,0.4,0.5,3,0,adagrad,poisson,y,05-17_13:37_921,7,32,0.09234873060026966,0.19922013470400568,y,05-18_03:00_199
